Workbook

Sheet 0 Index
A1: Master of Starbour — Design Blueprint (structured v2.2)
A2: v2.2 · 2026-10-25 · your blueprint + chat facts (A1–A20) + your answers to Q-01…Q-37 (tab 16). Yellow = yours to fill or a calculator input. Purple 'Proposed' = Claude's placeholder awaiting your yes.
A4: Project
A5: Game | C5: Master of Starbour — 'Starbour' is a pun on harbour / starship; the title is won with the ultimate secret item | K5: Chat A1 · Ans Q-26
A6: Repository | C6: git@github.com:selphaware/master-of-starbour.git — public; code + installable; git over SSH | K6: Chat A2–A3, A7
A7: Local root | C7: E:\CODE\master-of-starbour | K7: Chat A6
A8: Python | C8: 3.12 — venv MOS → E:\CODE\master-of-starbour\MOS\Scripts\python.exe | K8: Chat A5
A9: Target | C9: Downloadable Windows 10/11 executable (PyInstaller one-folder zip, GitHub Releases) | K9: Chat A3 · Ans Q-28
A10: Win | C10: Obtain the ultimate secret item → Master of Starbour: ceremony, then play carries on | K10: Chat A4 · Ans Q-15
A11: Lose | C11: Only when the player's active ship is destroyed; start again with a new seed. Running out of food or water is not game over — the crew mutiny and the captain is demoted to a low-class ship | K11: Chat A6, A10, A11
A12: Style | C12: Colourful throughout; four terminals + engine + launcher over ZeroMQ | K12: Chat A8 · Ans Q-18, Q-25
A14: Tabs & progress
A15: Live counts from each tab's Status column. Proposed = Claude's proposal awaiting your yes — say 'agreed' or change it. 'Open · no Q' = open rows citing no question (plain fill-ins only).
A16: Tab | B16: Group | C16: What it holds | D16: Agreed | E16: Proposed | F16: Draft | G16: Needs detail | H16: Not started | I16: Rows | J16: % Agreed | K16: Open · no Q
A17: =HYPERLINK("#'1 Overview'!A1","1 Overview") -> 1 Overview | B17: Concept | C17: Game type, purpose, player goals, win/lose, turn phases | D17: =COUNTIF('1 Overview'!$F$7:$F$24,"Agreed")+COUNTIF('1 Overview'!$F$29:$F$37,"Agreed") -> 16 | E17: =COUNTIF('1 Overview'!$F$7:$F$24,"Proposed")+COUNTIF('1 Overview'!$F$29:$F$37,"Proposed") -> 4 | F17: =COUNTIF('1 Overview'!$F$7:$F$24,"Draft")+COUNTIF('1 Overview'!$F$29:$F$37,"Draft") -> 4 | G17: =COUNTIF('1 Overview'!$F$7:$F$24,"Needs detail")+COUNTIF('1 Overview'!$F$29:$F$37,"Needs detail") -> 0 | H17: =COUNTIF('1 Overview'!$F$7:$F$24,"Not started")+COUNTIF('1 Overview'!$F$29:$F$37,"Not started") -> 0 | I17: =SUM(D17:H17) -> 24 | J17: =IF(I17=0,0,D17/I17) -> 0.66666667 | K17: =COUNTIFS('1 Overview'!$F$7:$F$24,"Needs detail",'1 Overview'!$D$7:$D$24,"")+COUNTIFS('1 Overview'!$F$7:$F$24,"Not started",'1 Overview'!$D$7:$D$24,"")+COUNTIFS('1 Overview'!$F$29:$F$37,"Needs detail",'1 Overview'!$D$29:$D$37,"")+COUNTIFS('1 Overview'!$F$29:$F$37,"Not started",'1 Overview'!$D$29:$D$37,"") -> 0
A18: =HYPERLINK("#'2 Architecture'!A1","2 Architecture") -> 2 Architecture | B18: Concept | C18: Terminals, bus, process model, message catalogue, diagram | D18: =COUNTIF('2 Architecture'!$G$7:$G$12,"Agreed")+COUNTIF('2 Architecture'!$G$16:$G$23,"Agreed")+COUNTIF('2 Architecture'!$G$28:$G$38,"Agreed") -> 12 | E18: =COUNTIF('2 Architecture'!$G$7:$G$12,"Proposed")+COUNTIF('2 Architecture'!$G$16:$G$23,"Proposed")+COUNTIF('2 Architecture'!$G$28:$G$38,"Proposed") -> 10 | F18: =COUNTIF('2 Architecture'!$G$7:$G$12,"Draft")+COUNTIF('2 Architecture'!$G$16:$G$23,"Draft")+COUNTIF('2 Architecture'!$G$28:$G$38,"Draft") -> 0 | G18: =COUNTIF('2 Architecture'!$G$7:$G$12,"Needs detail")+COUNTIF('2 Architecture'!$G$16:$G$23,"Needs detail")+COUNTIF('2 Architecture'!$G$28:$G$38,"Needs detail") -> 0 | H18: =COUNTIF('2 Architecture'!$G$7:$G$12,"Not started")+COUNTIF('2 Architecture'!$G$16:$G$23,"Not started")+COUNTIF('2 Architecture'!$G$28:$G$38,"Not started") -> 0 | I18: =SUM(D18:H18) -> 22 | J18: =IF(I18=0,0,D18/I18) -> 0.54545455 | K18: =COUNTIFS('2 Architecture'!$G$7:$G$12,"Needs detail",'2 Architecture'!$E$7:$E$12,"")+COUNTIFS('2 Architecture'!$G$7:$G$12,"Not started",'2 Architecture'!$E$7:$E$12,"")+COUNTIFS('2 Architecture'!$G$16:$G$23,"Needs detail",'2 Architecture'!$E$16:$E$23,"")+COUNTIFS('2 Architecture'!$G$16:$G$23,"Not started",'2 Architecture'!$E$16:$E$23,"")+COUNTIFS('2 Architecture'!$G$28:$G$38,"Needs detail",'2 Architecture'!$E$28:$E$38,"")+COUNTIFS('2 Architecture'!$G$28:$G$38,"Not started",'2 Architecture'!$E$28:$E$38,"") -> 0
A19: =HYPERLINK("#'3 T1 Command'!A1","3 T1 Command") -> 3 T1 Command | B19: Terminals | C19: Command catalogue, prompt behaviour, order queueing | D19: =COUNTIF('3 T1 Command'!$I$15:$I$37,"Agreed")+COUNTIF('3 T1 Command'!$I$41:$I$50,"Agreed") -> 14 | E19: =COUNTIF('3 T1 Command'!$I$15:$I$37,"Proposed")+COUNTIF('3 T1 Command'!$I$41:$I$50,"Proposed") -> 8 | F19: =COUNTIF('3 T1 Command'!$I$15:$I$37,"Draft")+COUNTIF('3 T1 Command'!$I$41:$I$50,"Draft") -> 6 | G19: =COUNTIF('3 T1 Command'!$I$15:$I$37,"Needs detail")+COUNTIF('3 T1 Command'!$I$41:$I$50,"Needs detail") -> 0 | H19: =COUNTIF('3 T1 Command'!$I$15:$I$37,"Not started")+COUNTIF('3 T1 Command'!$I$41:$I$50,"Not started") -> 0 | I19: =SUM(D19:H19) -> 28 | J19: =IF(I19=0,0,D19/I19) -> 0.5 | K19: =COUNTIFS('3 T1 Command'!$I$15:$I$37,"Needs detail",'3 T1 Command'!$G$15:$G$37,"")+COUNTIFS('3 T1 Command'!$I$15:$I$37,"Not started",'3 T1 Command'!$G$15:$G$37,"")+COUNTIFS('3 T1 Command'!$I$41:$I$50,"Needs detail",'3 T1 Command'!$G$41:$G$50,"")+COUNTIFS('3 T1 Command'!$I$41:$I$50,"Not started",'3 T1 Command'!$G$41:$G$50,"") -> 0
A20: =HYPERLINK("#'4 T2 Grid'!A1","4 T2 Grid") -> 4 T2 Grid | B20: Terminals | C20: View levels, symbol legend, overlays, refresh | D20: =COUNTIF('4 T2 Grid'!$I$16:$I$19,"Agreed")+COUNTIF('4 T2 Grid'!$I$24:$I$39,"Agreed")+COUNTIF('4 T2 Grid'!$I$43:$I$52,"Agreed") -> 4 | E20: =COUNTIF('4 T2 Grid'!$I$16:$I$19,"Proposed")+COUNTIF('4 T2 Grid'!$I$24:$I$39,"Proposed")+COUNTIF('4 T2 Grid'!$I$43:$I$52,"Proposed") -> 21 | F20: =COUNTIF('4 T2 Grid'!$I$16:$I$19,"Draft")+COUNTIF('4 T2 Grid'!$I$24:$I$39,"Draft")+COUNTIF('4 T2 Grid'!$I$43:$I$52,"Draft") -> 0 | G20: =COUNTIF('4 T2 Grid'!$I$16:$I$19,"Needs detail")+COUNTIF('4 T2 Grid'!$I$24:$I$39,"Needs detail")+COUNTIF('4 T2 Grid'!$I$43:$I$52,"Needs detail") -> 0 | H20: =COUNTIF('4 T2 Grid'!$I$16:$I$19,"Not started")+COUNTIF('4 T2 Grid'!$I$24:$I$39,"Not started")+COUNTIF('4 T2 Grid'!$I$43:$I$52,"Not started") -> 0 | I20: =SUM(D20:H20) -> 25 | J20: =IF(I20=0,0,D20/I20) -> 0.16 | K20: =COUNTIFS('4 T2 Grid'!$I$16:$I$19,"Needs detail",'4 T2 Grid'!$G$16:$G$19,"")+COUNTIFS('4 T2 Grid'!$I$16:$I$19,"Not started",'4 T2 Grid'!$G$16:$G$19,"")+COUNTIFS('4 T2 Grid'!$I$24:$I$39,"Needs detail",'4 T2 Grid'!$G$24:$G$39,"")+COUNTIFS('4 T2 Grid'!$I$24:$I$39,"Not started",'4 T2 Grid'!$G$24:$G$39,"")+COUNTIFS('4 T2 Grid'!$I$43:$I$52,"Needs detail",'4 T2 Grid'!$G$43:$G$52,"")+COUNTIFS('4 T2 Grid'!$I$43:$I$52,"Not started",'4 T2 Grid'!$G$43:$G$52,"") -> 0
A21: =HYPERLINK("#'5 T3 Output'!A1","5 T3 Output") -> 5 T3 Output | B21: Terminals | C21: Message types, log behaviour | D21: =COUNTIF('5 T3 Output'!$I$15:$I$34,"Agreed")+COUNTIF('5 T3 Output'!$I$38:$I$43,"Agreed") -> 5 | E21: =COUNTIF('5 T3 Output'!$I$15:$I$34,"Proposed")+COUNTIF('5 T3 Output'!$I$38:$I$43,"Proposed") -> 5 | F21: =COUNTIF('5 T3 Output'!$I$15:$I$34,"Draft")+COUNTIF('5 T3 Output'!$I$38:$I$43,"Draft") -> 12 | G21: =COUNTIF('5 T3 Output'!$I$15:$I$34,"Needs detail")+COUNTIF('5 T3 Output'!$I$38:$I$43,"Needs detail") -> 0 | H21: =COUNTIF('5 T3 Output'!$I$15:$I$34,"Not started")+COUNTIF('5 T3 Output'!$I$38:$I$43,"Not started") -> 0 | I21: =SUM(D21:H21) -> 22 | J21: =IF(I21=0,0,D21/I21) -> 0.22727273 | K21: =COUNTIFS('5 T3 Output'!$I$15:$I$34,"Needs detail",'5 T3 Output'!$G$15:$G$34,"")+COUNTIFS('5 T3 Output'!$I$15:$I$34,"Not started",'5 T3 Output'!$G$15:$G$34,"")+COUNTIFS('5 T3 Output'!$I$38:$I$43,"Needs detail",'5 T3 Output'!$G$38:$G$43,"")+COUNTIFS('5 T3 Output'!$I$38:$I$43,"Not started",'5 T3 Output'!$G$38:$G$43,"") -> 0
A22: =HYPERLINK("#'5b T4 Status'!A1","5b T4 Status") -> 5b T4 Status | B22: Terminals | C22: Permanent status panels | D22: =COUNTIF('5b T4 Status'!$I$13:$I$20,"Agreed") -> 1 | E22: =COUNTIF('5b T4 Status'!$I$13:$I$20,"Proposed") -> 5 | F22: =COUNTIF('5b T4 Status'!$I$13:$I$20,"Draft") -> 0 | G22: =COUNTIF('5b T4 Status'!$I$13:$I$20,"Needs detail") -> 0 | H22: =COUNTIF('5b T4 Status'!$I$13:$I$20,"Not started") -> 0 | I22: =SUM(D22:H22) -> 6 | J22: =IF(I22=0,0,D22/I22) -> 0.16666667 | K22: =COUNTIFS('5b T4 Status'!$I$13:$I$20,"Needs detail",'5b T4 Status'!$G$13:$G$20,"")+COUNTIFS('5b T4 Status'!$I$13:$I$20,"Not started",'5b T4 Status'!$G$13:$G$20,"") -> 0
A23: =HYPERLINK("#'6 World Grids'!A1","6 World Grids") -> 6 World Grids | B23: World | C23: Grid hierarchy, cell contents, generation rules | D23: =COUNTIF('6 World Grids'!$H$7:$H$10,"Agreed")+COUNTIF('6 World Grids'!$H$14:$H$22,"Agreed") -> 6 | E23: =COUNTIF('6 World Grids'!$H$7:$H$10,"Proposed")+COUNTIF('6 World Grids'!$H$14:$H$22,"Proposed") -> 6 | F23: =COUNTIF('6 World Grids'!$H$7:$H$10,"Draft")+COUNTIF('6 World Grids'!$H$14:$H$22,"Draft") -> 0 | G23: =COUNTIF('6 World Grids'!$H$7:$H$10,"Needs detail")+COUNTIF('6 World Grids'!$H$14:$H$22,"Needs detail") -> 0 | H23: =COUNTIF('6 World Grids'!$H$7:$H$10,"Not started")+COUNTIF('6 World Grids'!$H$14:$H$22,"Not started") -> 0 | I23: =SUM(D23:H23) -> 12 | J23: =IF(I23=0,0,D23/I23) -> 0.5 | K23: =COUNTIFS('6 World Grids'!$H$7:$H$10,"Needs detail",'6 World Grids'!$F$7:$F$10,"")+COUNTIFS('6 World Grids'!$H$7:$H$10,"Not started",'6 World Grids'!$F$7:$F$10,"")+COUNTIFS('6 World Grids'!$H$14:$H$22,"Needs detail",'6 World Grids'!$F$14:$F$22,"")+COUNTIFS('6 World Grids'!$H$14:$H$22,"Not started",'6 World Grids'!$F$14:$F$22,"") -> 0
A24: =HYPERLINK("#'7 Stellar'!A1","7 Stellar") -> 7 Stellar | B24: World | C24: Stellar types, derived quantities, buckets, calculator | D24: =COUNTIF('7 Stellar'!$H$7:$H$10,"Agreed")+COUNTIF('7 Stellar'!$H$14:$H$19,"Agreed")+COUNTIF('7 Stellar'!$H$23:$H$26,"Agreed") -> 5 | E24: =COUNTIF('7 Stellar'!$H$7:$H$10,"Proposed")+COUNTIF('7 Stellar'!$H$14:$H$19,"Proposed")+COUNTIF('7 Stellar'!$H$23:$H$26,"Proposed") -> 7 | F24: =COUNTIF('7 Stellar'!$H$7:$H$10,"Draft")+COUNTIF('7 Stellar'!$H$14:$H$19,"Draft")+COUNTIF('7 Stellar'!$H$23:$H$26,"Draft") -> 0 | G24: =COUNTIF('7 Stellar'!$H$7:$H$10,"Needs detail")+COUNTIF('7 Stellar'!$H$14:$H$19,"Needs detail")+COUNTIF('7 Stellar'!$H$23:$H$26,"Needs detail") -> 0 | H24: =COUNTIF('7 Stellar'!$H$7:$H$10,"Not started")+COUNTIF('7 Stellar'!$H$14:$H$19,"Not started")+COUNTIF('7 Stellar'!$H$23:$H$26,"Not started") -> 0 | I24: =SUM(D24:H24) -> 12 | J24: =IF(I24=0,0,D24/I24) -> 0.41666667 | K24: =COUNTIFS('7 Stellar'!$H$7:$H$10,"Needs detail",'7 Stellar'!$F$7:$F$10,"")+COUNTIFS('7 Stellar'!$H$7:$H$10,"Not started",'7 Stellar'!$F$7:$F$10,"")+COUNTIFS('7 Stellar'!$H$14:$H$19,"Needs detail",'7 Stellar'!$F$14:$F$19,"")+COUNTIFS('7 Stellar'!$H$14:$H$19,"Not started",'7 Stellar'!$F$14:$F$19,"")+COUNTIFS('7 Stellar'!$H$23:$H$26,"Needs detail",'7 Stellar'!$F$23:$F$26,"")+COUNTIFS('7 Stellar'!$H$23:$H$26,"Not started",'7 Stellar'!$F$23:$F$26,"") -> 0
A25: =HYPERLINK("#'8 Hazards'!A1","8 Hazards") -> 8 Hazards | B25: World | C25: Gravity pull, shield drain, black holes, wormholes, calculator | D25: =COUNTIF('8 Hazards'!$I$7:$I$17,"Agreed") -> 5 | E25: =COUNTIF('8 Hazards'!$I$7:$I$17,"Proposed") -> 5 | F25: =COUNTIF('8 Hazards'!$I$7:$I$17,"Draft") -> 0 | G25: =COUNTIF('8 Hazards'!$I$7:$I$17,"Needs detail") -> 0 | H25: =COUNTIF('8 Hazards'!$I$7:$I$17,"Not started") -> 0 | I25: =SUM(D25:H25) -> 10 | J25: =IF(I25=0,0,D25/I25) -> 0.5 | K25: =COUNTIFS('8 Hazards'!$I$7:$I$17,"Needs detail",'8 Hazards'!$G$7:$G$17,"")+COUNTIFS('8 Hazards'!$I$7:$I$17,"Not started",'8 Hazards'!$G$7:$G$17,"") -> 0
A26: =HYPERLINK("#'9 Ships'!A1","9 Ships") -> 9 Ships | B26: Entities | C26: Ship attributes, movement, warp curve, classes | D26: =COUNTIF('9 Ships'!$H$7:$H$17,"Agreed")+COUNTIF('9 Ships'!$H$21:$H$27,"Agreed")+COUNTIF('9 Ships'!$H$52:$H$57,"Agreed") -> 7 | E26: =COUNTIF('9 Ships'!$H$7:$H$17,"Proposed")+COUNTIF('9 Ships'!$H$21:$H$27,"Proposed")+COUNTIF('9 Ships'!$H$52:$H$57,"Proposed") -> 11 | F26: =COUNTIF('9 Ships'!$H$7:$H$17,"Draft")+COUNTIF('9 Ships'!$H$21:$H$27,"Draft")+COUNTIF('9 Ships'!$H$52:$H$57,"Draft") -> 0 | G26: =COUNTIF('9 Ships'!$H$7:$H$17,"Needs detail")+COUNTIF('9 Ships'!$H$21:$H$27,"Needs detail")+COUNTIF('9 Ships'!$H$52:$H$57,"Needs detail") -> 1 | H26: =COUNTIF('9 Ships'!$H$7:$H$17,"Not started")+COUNTIF('9 Ships'!$H$21:$H$27,"Not started")+COUNTIF('9 Ships'!$H$52:$H$57,"Not started") -> 0 | I26: =SUM(D26:H26) -> 19 | J26: =IF(I26=0,0,D26/I26) -> 0.36842105 | K26: =COUNTIFS('9 Ships'!$H$7:$H$17,"Needs detail",'9 Ships'!$F$7:$F$17,"")+COUNTIFS('9 Ships'!$H$7:$H$17,"Not started",'9 Ships'!$F$7:$F$17,"")+COUNTIFS('9 Ships'!$H$21:$H$27,"Needs detail",'9 Ships'!$F$21:$F$27,"")+COUNTIFS('9 Ships'!$H$21:$H$27,"Not started",'9 Ships'!$F$21:$F$27,"")+COUNTIFS('9 Ships'!$H$52:$H$57,"Needs detail",'9 Ships'!$F$52:$F$57,"")+COUNTIFS('9 Ships'!$H$52:$H$57,"Not started",'9 Ships'!$F$52:$F$57,"") -> 1
A27: =HYPERLINK("#'10 Captain'!A1","10 Captain") -> 10 Captain | B27: Entities | C27: Captain attributes, fleet rules, endgame eligibility | D27: =COUNTIF('10 Captain'!$H$7:$H$17,"Agreed")+COUNTIF('10 Captain'!$H$21:$H$26,"Agreed")+COUNTIF('10 Captain'!$H$30:$H$38,"Agreed") -> 13 | E27: =COUNTIF('10 Captain'!$H$7:$H$17,"Proposed")+COUNTIF('10 Captain'!$H$21:$H$26,"Proposed")+COUNTIF('10 Captain'!$H$30:$H$38,"Proposed") -> 10 | F27: =COUNTIF('10 Captain'!$H$7:$H$17,"Draft")+COUNTIF('10 Captain'!$H$21:$H$26,"Draft")+COUNTIF('10 Captain'!$H$30:$H$38,"Draft") -> 0 | G27: =COUNTIF('10 Captain'!$H$7:$H$17,"Needs detail")+COUNTIF('10 Captain'!$H$21:$H$26,"Needs detail")+COUNTIF('10 Captain'!$H$30:$H$38,"Needs detail") -> 0 | H27: =COUNTIF('10 Captain'!$H$7:$H$17,"Not started")+COUNTIF('10 Captain'!$H$21:$H$26,"Not started")+COUNTIF('10 Captain'!$H$30:$H$38,"Not started") -> 0 | I27: =SUM(D27:H27) -> 23 | J27: =IF(I27=0,0,D27/I27) -> 0.56521739 | K27: =COUNTIFS('10 Captain'!$H$7:$H$17,"Needs detail",'10 Captain'!$F$7:$F$17,"")+COUNTIFS('10 Captain'!$H$7:$H$17,"Not started",'10 Captain'!$F$7:$F$17,"")+COUNTIFS('10 Captain'!$H$21:$H$26,"Needs detail",'10 Captain'!$F$21:$F$26,"")+COUNTIFS('10 Captain'!$H$21:$H$26,"Not started",'10 Captain'!$F$21:$F$26,"")+COUNTIFS('10 Captain'!$H$30:$H$38,"Needs detail",'10 Captain'!$F$30:$F$38,"")+COUNTIFS('10 Captain'!$H$30:$H$38,"Not started",'10 Captain'!$F$30:$F$38,"") -> 0
A28: =HYPERLINK("#'11 Items & Planets'!A1","11 Items & Planets") -> 11 Items & Planets | B28: Entities | C28: Items, element catalogue, planets | D28: =COUNTIF('11 Items & Planets'!$H$7:$H$12,"Agreed")+COUNTIF('11 Items & Planets'!$H$17:$H$24,"Agreed")+COUNTIF('11 Items & Planets'!$H$29:$H$43,"Agreed")+COUNTIF('11 Items & Planets'!$H$47:$H$53,"Agreed")+COUNTIF('11 Items & Planets'!$H$57:$H$62,"Agreed") -> 14 | E28: =COUNTIF('11 Items & Planets'!$H$7:$H$12,"Proposed")+COUNTIF('11 Items & Planets'!$H$17:$H$24,"Proposed")+COUNTIF('11 Items & Planets'!$H$29:$H$43,"Proposed")+COUNTIF('11 Items & Planets'!$H$47:$H$53,"Proposed")+COUNTIF('11 Items & Planets'!$H$57:$H$62,"Proposed") -> 21 | F28: =COUNTIF('11 Items & Planets'!$H$7:$H$12,"Draft")+COUNTIF('11 Items & Planets'!$H$17:$H$24,"Draft")+COUNTIF('11 Items & Planets'!$H$29:$H$43,"Draft")+COUNTIF('11 Items & Planets'!$H$47:$H$53,"Draft")+COUNTIF('11 Items & Planets'!$H$57:$H$62,"Draft") -> 0 | G28: =COUNTIF('11 Items & Planets'!$H$7:$H$12,"Needs detail")+COUNTIF('11 Items & Planets'!$H$17:$H$24,"Needs detail")+COUNTIF('11 Items & Planets'!$H$29:$H$43,"Needs detail")+COUNTIF('11 Items & Planets'!$H$47:$H$53,"Needs detail")+COUNTIF('11 Items & Planets'!$H$57:$H$62,"Needs detail") -> 0 | H28: =COUNTIF('11 Items & Planets'!$H$7:$H$12,"Not started")+COUNTIF('11 Items & Planets'!$H$17:$H$24,"Not started")+COUNTIF('11 Items & Planets'!$H$29:$H$43,"Not started")+COUNTIF('11 Items & Planets'!$H$47:$H$53,"Not started")+COUNTIF('11 Items & Planets'!$H$57:$H$62,"Not started") -> 0 | I28: =SUM(D28:H28) -> 35 | J28: =IF(I28=0,0,D28/I28) -> 0.4 | K28: =COUNTIFS('11 Items & Planets'!$H$7:$H$12,"Needs detail",'11 Items & Planets'!$F$7:$F$12,"")+COUNTIFS('11 Items & Planets'!$H$7:$H$12,"Not started",'11 Items & Planets'!$F$7:$F$12,"")+COUNTIFS('11 Items & Planets'!$H$17:$H$24,"Needs detail",'11 Items & Planets'!$F$17:$F$24,"")+COUNTIFS('11 Items & Planets'!$H$17:$H$24,"Not started",'11 Items & Planets'!$F$17:$F$24,"")+COUNTIFS('11 Items & Planets'!$H$29:$H$43,"Needs detail",'11 Items & Planets'!$F$29:$F$43,"")+COUNTIFS('11 Items & Planets'!$H$29:$H$43,"Not started",'11 Items & Planets'!$F$29:$F$43,"")+COUNTIFS('11 Items & Planets'!$H$47:$H$53,"Needs detail",'11 Items & Planets'!$F$47:$F$53,"")+COUNTIFS('11 Items & Planets'!$H$47:$H$53,"Not started",'11 Items & Planets'!$F$47:$F$53,"")+COUNTIFS('11 Items & Planets'!$H$57:$H$62,"Needs detail",'11 Items & Planets'!$F$57:$F$62,"")+COUNTIFS('11 Items & Planets'!$H$57:$H$62,"Not started",'11 Items & Planets'!$F$57:$F$62,"") -> 0
A29: =HYPERLINK("#'12 Trade & Economy'!A1","12 Trade & Economy") -> 12 Trade & Economy | B29: Rules | C29: Currencies, trade rules, upgrade map, sources and sinks | D29: =COUNTIF('12 Trade & Economy'!$H$7:$H$17,"Agreed")+COUNTIF('12 Trade & Economy'!$H$22:$H$27,"Agreed")+COUNTIF('12 Trade & Economy'!$H$32:$H$37,"Agreed") -> 17 | E29: =COUNTIF('12 Trade & Economy'!$H$7:$H$17,"Proposed")+COUNTIF('12 Trade & Economy'!$H$22:$H$27,"Proposed")+COUNTIF('12 Trade & Economy'!$H$32:$H$37,"Proposed") -> 3 | F29: =COUNTIF('12 Trade & Economy'!$H$7:$H$17,"Draft")+COUNTIF('12 Trade & Economy'!$H$22:$H$27,"Draft")+COUNTIF('12 Trade & Economy'!$H$32:$H$37,"Draft") -> 0 | G29: =COUNTIF('12 Trade & Economy'!$H$7:$H$17,"Needs detail")+COUNTIF('12 Trade & Economy'!$H$22:$H$27,"Needs detail")+COUNTIF('12 Trade & Economy'!$H$32:$H$37,"Needs detail") -> 0 | H29: =COUNTIF('12 Trade & Economy'!$H$7:$H$17,"Not started")+COUNTIF('12 Trade & Economy'!$H$22:$H$27,"Not started")+COUNTIF('12 Trade & Economy'!$H$32:$H$37,"Not started") -> 0 | I29: =SUM(D29:H29) -> 20 | J29: =IF(I29=0,0,D29/I29) -> 0.85 | K29: =COUNTIFS('12 Trade & Economy'!$H$7:$H$17,"Needs detail",'12 Trade & Economy'!$F$7:$F$17,"")+COUNTIFS('12 Trade & Economy'!$H$7:$H$17,"Not started",'12 Trade & Economy'!$F$7:$F$17,"")+COUNTIFS('12 Trade & Economy'!$H$22:$H$27,"Needs detail",'12 Trade & Economy'!$F$22:$F$27,"")+COUNTIFS('12 Trade & Economy'!$H$22:$H$27,"Not started",'12 Trade & Economy'!$F$22:$F$27,"")+COUNTIFS('12 Trade & Economy'!$H$32:$H$37,"Needs detail",'12 Trade & Economy'!$F$32:$F$37,"")+COUNTIFS('12 Trade & Economy'!$H$32:$H$37,"Not started",'12 Trade & Economy'!$F$32:$F$37,"") -> 0
A30: =HYPERLINK("#'13 Combat'!A1","13 Combat") -> 13 Combat | B30: Rules | C30: Combat model recommendation, outcomes, loot | D30: =COUNTIF('13 Combat'!$I$7:$I$11,"Agreed")+COUNTIF('13 Combat'!$I$16:$I$30,"Agreed") -> 6 | E30: =COUNTIF('13 Combat'!$I$7:$I$11,"Proposed")+COUNTIF('13 Combat'!$I$16:$I$30,"Proposed") -> 11 | F30: =COUNTIF('13 Combat'!$I$7:$I$11,"Draft")+COUNTIF('13 Combat'!$I$16:$I$30,"Draft") -> 0 | G30: =COUNTIF('13 Combat'!$I$7:$I$11,"Needs detail")+COUNTIF('13 Combat'!$I$16:$I$30,"Needs detail") -> 0 | H30: =COUNTIF('13 Combat'!$I$7:$I$11,"Not started")+COUNTIF('13 Combat'!$I$16:$I$30,"Not started") -> 0 | I30: =SUM(D30:H30) -> 17 | J30: =IF(I30=0,0,D30/I30) -> 0.35294118 | K30: =COUNTIFS('13 Combat'!$I$7:$I$11,"Needs detail",'13 Combat'!$G$7:$G$11,"")+COUNTIFS('13 Combat'!$I$7:$I$11,"Not started",'13 Combat'!$G$7:$G$11,"")+COUNTIFS('13 Combat'!$I$16:$I$30,"Needs detail",'13 Combat'!$G$16:$G$30,"")+COUNTIFS('13 Combat'!$I$16:$I$30,"Not started",'13 Combat'!$G$16:$G$30,"") -> 0
A31: =HYPERLINK("#'14 Fear & Respect'!A1","14 Fear & Respect") -> 14 Fear & Respect | B31: Rules | C31: Fear / respect events, level mechanics, effects | D31: =COUNTIF('14 Fear & Respect'!$I$8:$I$19,"Agreed")+COUNTIF('14 Fear & Respect'!$I$23:$I$28,"Agreed")+COUNTIF('14 Fear & Respect'!$I$33:$I$40,"Agreed") -> 8 | E31: =COUNTIF('14 Fear & Respect'!$I$8:$I$19,"Proposed")+COUNTIF('14 Fear & Respect'!$I$23:$I$28,"Proposed")+COUNTIF('14 Fear & Respect'!$I$33:$I$40,"Proposed") -> 14 | F31: =COUNTIF('14 Fear & Respect'!$I$8:$I$19,"Draft")+COUNTIF('14 Fear & Respect'!$I$23:$I$28,"Draft")+COUNTIF('14 Fear & Respect'!$I$33:$I$40,"Draft") -> 0 | G31: =COUNTIF('14 Fear & Respect'!$I$8:$I$19,"Needs detail")+COUNTIF('14 Fear & Respect'!$I$23:$I$28,"Needs detail")+COUNTIF('14 Fear & Respect'!$I$33:$I$40,"Needs detail") -> 0 | H31: =COUNTIF('14 Fear & Respect'!$I$8:$I$19,"Not started")+COUNTIF('14 Fear & Respect'!$I$23:$I$28,"Not started")+COUNTIF('14 Fear & Respect'!$I$33:$I$40,"Not started") -> 0 | I31: =SUM(D31:H31) -> 22 | J31: =IF(I31=0,0,D31/I31) -> 0.36363636 | K31: =COUNTIFS('14 Fear & Respect'!$I$8:$I$19,"Needs detail",'14 Fear & Respect'!$G$8:$G$19,"")+COUNTIFS('14 Fear & Respect'!$I$8:$I$19,"Not started",'14 Fear & Respect'!$G$8:$G$19,"")+COUNTIFS('14 Fear & Respect'!$I$23:$I$28,"Needs detail",'14 Fear & Respect'!$G$23:$G$28,"")+COUNTIFS('14 Fear & Respect'!$I$23:$I$28,"Not started",'14 Fear & Respect'!$G$23:$G$28,"")+COUNTIFS('14 Fear & Respect'!$I$33:$I$40,"Needs detail",'14 Fear & Respect'!$G$33:$G$40,"")+COUNTIFS('14 Fear & Respect'!$I$33:$I$40,"Not started",'14 Fear & Respect'!$G$33:$G$40,"") -> 0
A32: =HYPERLINK("#'15 Config Keys'!A1","15 Config Keys") -> 15 Config Keys | B32: Config | C32: Config keys for controls_config.ini | D32: =COUNTIF('15 Config Keys'!$K$8:$K$71,"Agreed") -> 17 | E32: =COUNTIF('15 Config Keys'!$K$8:$K$71,"Proposed") -> 43 | F32: =COUNTIF('15 Config Keys'!$K$8:$K$71,"Draft") -> 0 | G32: =COUNTIF('15 Config Keys'!$K$8:$K$71,"Needs detail") -> 0 | H32: =COUNTIF('15 Config Keys'!$K$8:$K$71,"Not started") -> 0 | I32: =SUM(D32:H32) -> 60 | J32: =IF(I32=0,0,D32/I32) -> 0.28333333 | K32: =COUNTIFS('15 Config Keys'!$K$8:$K$71,"Needs detail",'15 Config Keys'!$I$8:$I$71,"")+COUNTIFS('15 Config Keys'!$K$8:$K$71,"Not started",'15 Config Keys'!$I$8:$I$71,"") -> 0
A33: =HYPERLINK("#'16 Open Questions'!A1","16 Open Questions") -> 16 Open Questions | B33: Questions | C33: Open design questions, answers, resolution | D33: =COUNTIF('16 Open Questions'!$G$6:$G$45,"Agreed") -> 37 | E33: =COUNTIF('16 Open Questions'!$G$6:$G$45,"Proposed") -> 0 | F33: =COUNTIF('16 Open Questions'!$G$6:$G$45,"Draft") -> 0 | G33: =COUNTIF('16 Open Questions'!$G$6:$G$45,"Needs detail") -> 0 | H33: =COUNTIF('16 Open Questions'!$G$6:$G$45,"Not started") -> 0 | I33: =SUM(D33:H33) -> 37 | J33: =IF(I33=0,0,D33/I33) -> 1 | K33: —
A34: =HYPERLINK("#'17 Decisions'!A1","17 Decisions") -> 17 Decisions | B34: Decisions | C34: Decision log | D34: =COUNTIF('17 Decisions'!$F$6:$F$64,"Agreed") -> 53 | E34: =COUNTIF('17 Decisions'!$F$6:$F$64,"Proposed") -> 0 | F34: =COUNTIF('17 Decisions'!$F$6:$F$64,"Draft") -> 0 | G34: =COUNTIF('17 Decisions'!$F$6:$F$64,"Needs detail") -> 0 | H34: =COUNTIF('17 Decisions'!$F$6:$F$64,"Not started") -> 0 | I34: =SUM(D34:H34) -> 53 | J34: =IF(I34=0,0,D34/I34) -> 1 | K34: —
A35: =HYPERLINK("#'18 Build & Release'!A1","18 Build & Release") -> 18 Build & Release | B35: Delivery | C35: Repo, environment, packaging, distribution, build-kit files | D35: =COUNTIF('18 Build & Release'!$G$7:$G$13,"Agreed")+COUNTIF('18 Build & Release'!$G$17:$G$24,"Agreed")+COUNTIF('18 Build & Release'!$G$28:$G$39,"Agreed")+COUNTIF('18 Build & Release'!$G$44:$G$55,"Agreed") -> 17 | E35: =COUNTIF('18 Build & Release'!$G$7:$G$13,"Proposed")+COUNTIF('18 Build & Release'!$G$17:$G$24,"Proposed")+COUNTIF('18 Build & Release'!$G$28:$G$39,"Proposed")+COUNTIF('18 Build & Release'!$G$44:$G$55,"Proposed") -> 7 | F35: =COUNTIF('18 Build & Release'!$G$7:$G$13,"Draft")+COUNTIF('18 Build & Release'!$G$17:$G$24,"Draft")+COUNTIF('18 Build & Release'!$G$28:$G$39,"Draft")+COUNTIF('18 Build & Release'!$G$44:$G$55,"Draft") -> 0 | G35: =COUNTIF('18 Build & Release'!$G$7:$G$13,"Needs detail")+COUNTIF('18 Build & Release'!$G$17:$G$24,"Needs detail")+COUNTIF('18 Build & Release'!$G$28:$G$39,"Needs detail")+COUNTIF('18 Build & Release'!$G$44:$G$55,"Needs detail") -> 0 | H35: =COUNTIF('18 Build & Release'!$G$7:$G$13,"Not started")+COUNTIF('18 Build & Release'!$G$17:$G$24,"Not started")+COUNTIF('18 Build & Release'!$G$28:$G$39,"Not started")+COUNTIF('18 Build & Release'!$G$44:$G$55,"Not started") -> 9 | I35: =SUM(D35:H35) -> 33 | J35: =IF(I35=0,0,D35/I35) -> 0.51515152 | K35: =COUNTIFS('18 Build & Release'!$G$7:$G$13,"Needs detail",'18 Build & Release'!$E$7:$E$13,"")+COUNTIFS('18 Build & Release'!$G$7:$G$13,"Not started",'18 Build & Release'!$E$7:$E$13,"")+COUNTIFS('18 Build & Release'!$G$17:$G$24,"Needs detail",'18 Build & Release'!$E$17:$E$24,"")+COUNTIFS('18 Build & Release'!$G$17:$G$24,"Not started",'18 Build & Release'!$E$17:$E$24,"")+COUNTIFS('18 Build & Release'!$G$28:$G$39,"Needs detail",'18 Build & Release'!$E$28:$E$39,"")+COUNTIFS('18 Build & Release'!$G$28:$G$39,"Not started",'18 Build & Release'!$E$28:$E$39,"")+COUNTIFS('18 Build & Release'!$G$44:$G$55,"Needs detail",'18 Build & Release'!$E$44:$E$55,"")+COUNTIFS('18 Build & Release'!$G$44:$G$55,"Not started",'18 Build & Release'!$E$44:$E$55,"") -> 8
A36: =HYPERLINK("#'Source v1'!A1","Source v1") -> Source v1 | B36: Source | C36: Original blueprint, verbatim, plus chat addendum | D36: — | E36: — | F36: — | G36: — | H36: — | I36: — | J36: — | K36: —
A37: Total | D37: =SUM(D17:D36) -> 257 | E37: =SUM(E17:E36) -> 191 | F37: =SUM(F17:F36) -> 22 | G37: =SUM(G17:G36) -> 1 | H37: =SUM(H17:H36) -> 9 | I37: =SUM(I17:I36) -> 480 | J37: =IF(I37=0,0,D37/I37) -> 0.53541667 | K37: =SUM(K17:K36) -> 9
A39: Legend
A40: Yellow cell | B40: Yours to fill in or decide — or an input to a calculator (7 Stellar, 8 Hazards, 9 Ships).
A41: Status | B41: Agreed = decided by you (ready for a spec) · Proposed = Claude's proposal from your answers, awaiting your yes · Draft = from your blueprint, not yet confirmed · Needs detail = a follow-up question is open in chat · Not started = nothing decided.
A42: Origin | B42: BP rNN = your blueprint row on 'Source v1' · Chat An = your words in chat (addendum) · Ans Q-xx = your answer on tab 16 · Claude = Claude's proposal · Implied rNN = inferred from that row · Project = Project instructions.
A43: Open Q | B43: Q-xx = a row on '16 Open Questions'. Every question now has a resolution column saying where its answer went.
A44: Config key | B44: [section] key as it will appear in controls_config.ini — all on '15 Config Keys'.
A45: IDs | B45: Stable row IDs (CMD-06, HZ-02 …) cited by specs, tests and DECISIONS.md. Keep them when editing; add new rows with the next number.
A46: Tab colours | B46: Blue = concept · Teal = terminals · Purple = world · Green = entities · Orange = rules · Slate = config · Red = questions · Dark green = decisions · Black = build · Grey = source.

Sheet 1 Overview
A1: 1 · Overview
A2: What the game is, what the player is trying to do, and how a turn runs
A3: =HYPERLINK("#'0 Index'!A1","↩ Index") -> ↩ Index
A5: Concept
A6: ID | B6: Topic | C6: Statement | D6: Open Q | E6: Origin | F6: Status
A7: OV-01 | B7: Format | C7: Text-based game played in terminals. Colourful throughout — every terminal uses colour (Rich). | E7: BP r3; Chat A8 | F7: Agreed
A8: OV-02 | B8: Turn structure | C8: Turn-based: the player queues any number of orders, then ends the turn; all captains' orders resolve simultaneously in the fixed phase order below. | D8: Q-01 | E8: BP r4; Ans Q-01 | F8: Agreed
A9: OV-02b | B9: Immediate vs queued | C9: Immediate (no turn needed): help, status, fleet, ship, view, orders, scan. Queued until 'end': move, warp, fire, shields, peace, escape, trade, upgrade, pickup. A second queued order of the same kind for the same ship replaces the first. | D9: Q-01 | E9: Claude | F9: Proposed
A10: OV-03 | B10: Player role | C10: The player is the captain of their ship. | E10: BP r9 | F10: Draft
A11: OV-04 | B11: Exploration | C11: Starts with one starship and explores the universe: Universe → Galaxies → Sectors → stars / planets / ships / objects. | E11: BP r8 | F11: Draft
A12: OV-05 | B12: Combat | C12: Ships (and planets) can battle each other (13 Combat). | D12: Q-12 | E12: BP r10; Ans Q-21 | F12: Draft
A13: OV-06 | B13: Progression | C13: Captains gain wealth (gold and silver), items, fear and respect. | E13: BP r11, r80 | F13: Draft
A14: OV-07 | B14: Endgame — becoming Master of Starbour | C14: When respect and fear both reach the threshold (e.g. 90 of 100) and the captain holds enough gold and silver, they become eligible to find the ultimate secret item, guarded by ships in a far-away sector. Obtaining it makes them Master of Starbour: max warp, weapons, shields, engine; infinite wealth; respect and fear at maximum; all planets willing to trade. | D14: Q-15, Q-26 | E14: BP r12; Ans Q-15, Q-26, Q-37 | F14: Agreed
A15: OV-08 | B15: Fleet | C15: A captain may own several ships (no limit) and switch between them from the command terminal. | D15: Q-13 | E15: BP r13; Ans Q-13 | F15: Agreed
A16: OV-09 | B16: Win condition | C16: The game does not end. Mastery triggers a celebration and ceremony, then play carries on with the max powers. | D16: Q-16 | E16: Chat A4 | F16: Agreed
A17: OV-09b | B17: Lose condition | C17: Game over only when the player's active ship is destroyed (the captain is on it); the player starts again. | D17: Q-29 | E17: Chat A6, A10; Ans Q-29 | F17: Agreed
A18: OV-09c | B18: 'Start again' | C18: New game = new seed; the save is deleted on game over. | D18: Q-33 | E18: Ans Q-33 | F18: Agreed
A19: OV-10 | B19: Opponents | C19: Other captains are AI-controlled; they trade, battle, offer peace and progress. Count per galaxy is a config key. | D19: Q-13 | E19: Implied r90; Claude | F19: Proposed
A20: OV-11 | B20: Pacing | C20: No fixed turn counts. Rough feel only: a battle every 5–7 turns on average; mastery a long way off. Every number in this workbook is a placeholder tuned by playtest — 'what is appropriate and what works'. | D20: Q-35 | E20: Ans Q-35; Chat A15, A16 | F20: Agreed
A21: OV-12 | B21: Save / load | C21: Autosave every turn, one slot per game, save deleted on game over. Location: next to the exe. | D21: Q-33 | E21: Ans Q-33, Q-28 | F21: Agreed
A22: OV-13 | B22: Starbour | C22: 'Starbour' is a play on harbour / starship — not the universe's name. 'Master of Starbour' is the title won with the ultimate secret item. | D22: Q-26 | E22: Ans Q-26 | F22: Agreed
A26: Turn resolution order
A27: Agreed as option A of Q-01: all captains' orders resolve together, in this fixed order.
A28: ID | B28: Phase | C28: What resolves | D28: Open Q | E28: Origin | F28: Status
A29: TP-01 | B29: 1 Orders | C29: Player and AI captains queue orders; the player ends the turn. | E29: BP r4; Ans Q-01 | F29: Agreed
A30: TP-02 | B30: 2 Movement | C30: Impulse and warp moves resolve (effective speed = nominal − gravity pull). | D30: Q-02 | E30: Ans Q-02 | F30: Agreed
A31: TP-03 | B31: 3 Hazards | C31: Gravity countdowns and shield drain apply (8 Hazards). | E31: Implied r65–72 | F31: Agreed
A32: TP-04 | B32: 4 Combat | C32: Battles resolve one exchange per turn: destroy / escape / peace (13 Combat). | D32: Q-12 | E32: Claude | F32: Proposed
A33: TP-05 | B33: 5 Trade & pickup | C33: Accepted trades settle; upgrades apply; item pickups happen. | E33: Ans Q-07, Q-14 | F33: Agreed
A34: TP-06 | B34: 6 Upkeep | C34: Food and water −1 each; mutiny check (SUP-03); shields recharge if not in a hazard or battle. | D34: Q-19 | E34: Ans Q-19; Chat A11; Claude | F34: Proposed
A35: TP-07 | B35: 7 Reputation | C35: Fear and respect deltas apply (14 Fear & Respect). | E35: Implied r94–103 | F35: Agreed
A36: TP-08 | B36: 8 Publish & render | C36: turn.resolved on the bus; T2, T3 and T4 redraw once; autosave. | D36: Q-31 | E36: Ans Q-31, Q-33 | F36: Agreed

Sheet 2 Architecture
A1: 2 · Architecture
A2: Terminals, the message bus, processes and the message catalogue
A3: =HYPERLINK("#'0 Index'!A1","↩ Index") -> ↩ Index
A5: Terminals
A6: ID | B6: Terminal | C6: Role | D6: Detail tab | E6: Open Q | F6: Origin | G6: Status
A7: T1 | B7: Command | C7: Player types orders, switches ships, changes the grid view, ends the turn. | D7: 3 T1 Command | F7: BP r17 | G7: Agreed
A8: T2 | B8: Grid | C8: Map at Universe, Galaxy or Sector level; auto-follows the active ship, 'view' overrides. | D8: 4 T2 Grid | E8: Q-17 | F8: BP r18; Ans Q-17 | G8: Agreed
A9: T3 | B9: Output | C9: Results, reports, log. | D9: 5 T3 Output | F9: BP r19 | G9: Agreed
A10: T4 | B10: Status | C10: Permanent status panel: captain, active ship, fleet, cargo. | D10: 5b T4 Status | E10: Q-25 | F10: Ans Q-25 | G10: Agreed
A11: T0 | B11: Engine | C11: Owns the game state; resolves turns; publishes state. Its own process, no window (or a hidden console). | D11: — | E11: Q-18 | F11: Ans Q-18 | G11: Agreed
A12: TL | B12: Launcher | C12: Starts the engine and the four terminals; owns them; closing T1 or the launcher ends the game and kills the rest; closing T2 / T3 / T4 reopens it. | D12: 18 Build & Release | E12: Q-32 | F12: Ans Q-32 | G12: Agreed
A14: Bus & processes
A15: ID | B15: Topic | C15: Statement | D15: Notes | E15: Open Q | F15: Origin | G15: Status
A16: BUS-01 | B16: Transport | C16: A message bus connects all processes. | F16: BP r21 | G16: Agreed
A17: BUS-02 | B17: Process model | C17: One process per terminal plus the engine; threads within each. | D17: Project fixed fact. | F17: Project | G17: Agreed
A18: BUS-03 | B18: Technology | C18: ZeroMQ (pyzmq) over localhost TCP: engine PUB → terminals SUB for state; T1 PUSH → engine PULL for orders. | D18: Ports are config keys. | E18: Q-18 | F18: Ans Q-18 | G18: Agreed
A19: BUS-04 | B19: Single owner of state | C19: The engine process is the only writer of game state; terminals are views. | E19: Q-18 | F19: Ans Q-18 | G19: Agreed
A20: BUS-05 | B20: Refresh model | C20: Terminals redraw once per turn.resolved, full redraw, target under 0.5 s. | E20: Q-31 | F20: Ans Q-31 | G20: Agreed
A21: BUS-06 | B21: Startup / shutdown | C21: Launcher owns child processes; 'quit' or closing T1 → engine saves, launcher terminates all children; no orphans. | D21: Build gates: 'orphaned processes', 'exe opens and exits'. | E21: Q-32 | F21: Ans Q-32 | G21: Agreed
A22: BUS-07 | B22: Snapshot vs delta | C22: state.updated carries a full snapshot each turn (simplest; sizes are small). | D22: Revisit only if redraw exceeds 0.5 s. | E22: Q-31 | F22: Claude | G22: Proposed
A25: Message catalogue
A26: Payload fields are proposals; rename freely.
A27: ID | B27: Message | C27: Publisher → Subscribers | D27: Payload (fields) | E27: Open Q | F27: Origin | G27: Status
A28: MSG-01 | B28: order.submitted | C28: T1 → Engine | D28: command, args, ship_id, turn_no | F28: Claude | G28: Proposed
A29: MSG-02 | B29: turn.end | C29: T1 → Engine | D29: turn_no | F29: Claude | G29: Proposed
A30: MSG-03 | B30: turn.resolved | C30: Engine → T2, T3, T4 | D30: turn_no, full state snapshot, events[] | E30: Q-31 | F30: Ans Q-31; Claude | G30: Proposed
A31: MSG-04 | B31: view.changed | C31: T1 → T2 | D31: level (universe / galaxy / sector), focus coordinates | F31: Claude | G31: Proposed
A32: MSG-05 | B32: event.log | C32: Engine → T3 | D32: type, text, severity, turn_no (also inside turn.resolved) | F32: Claude | G32: Proposed
A33: MSG-06 | B33: order.rejected | C33: Engine → T1, T3 | D33: order, reason | E33: Q-34 | F33: Ans Q-34 | G33: Proposed
A34: MSG-07 | B34: order.accepted | C34: Engine → T1 | D34: order, queue position | F34: Claude | G34: Proposed
A35: MSG-08 | B35: system.shutdown | C35: Launcher → all | D35: reason | E35: Q-32 | F35: Ans Q-32 | G35: Proposed
A36: MSG-09 | B36: game.over / game.mastery | C36: Engine → all | D36: cause / ceremony payload | E36: Q-37 | F36: Claude | G36: Proposed
A40: Diagram — every process talks only to the bus
B42: ZeroMQ bus (localhost)
B43: ▲ ▼ | C43: ▲ ▼ | D43: ▲ ▼ | E43: ▲ ▼ | F43: ▲ ▼
B44: T2 Grid | C44: T3 Output | D44: T4 Status | E44: T1 Command | F44: T0 Engine
B46: Launcher starts and owns all six processes (Q-32).

Sheet 3 T1 Command
A1: 3 · T1 Command terminal
A2: The input terminal: every command the player can type, and how the prompt behaves
A3: =HYPERLINK("#'0 Index'!A1","↩ Index") -> ↩ Index
A5: Purpose | C5: Where the player types orders, switches ships, changes the grid view and ends the turn. | I5: BP r17, r13, r18
A6: Process / module | C6: TBD — e.g. mos/terminals/command.py | I6: Template
A7: Input style | C7: Free-text command line with history and tab completion. | I7: Claude · Proposed
A8: Publishes | C8: order.submitted, turn.end, view.changed | I8: 2 Architecture
A9: Subscribes | C9: order.accepted, order.rejected, turn.resolved (unlocks the prompt) | I9: Ans Q-34
A10: Library | C10: Rich (colour output) + prompt_toolkit (input) | I10: Claude · Proposed
A12: Command catalogue
A13: Immediate = acts at once. Queued = waits for 'end'. Rename freely.
A14: ID | B14: Command | C14: Syntax | D14: What it does | E14: When valid | F14: Feedback / errors | G14: Open Q | H14: Origin | I14: Status
A15: CMD-01 | B15: help | C15: help [command] | D15: Lists commands, or shows one command's syntax. | E15: Immediate | H15: Template | I15: Draft
A16: CMD-02 | B16: status | C16: status | D16: Shows the active ship's stats and the captain's wealth, fear, respect, food and water. | E16: Immediate | H16: Implied r75, r80 | I16: Draft
A17: CMD-03 | B17: ship | C17: ship <name | n> | D17: Switches the active ship. | E17: Immediate; captain owns more than one ship | F17: Error if unknown | G17: Q-13 | H17: BP r13 | I17: Agreed
A18: CMD-04 | B18: fleet | C18: fleet | D18: Lists all owned ships, their locations and state. | E18: Immediate | G18: Q-13 | H18: Implied r13 | I18: Draft
A19: CMD-05 | B19: view | C19: view universe | galaxy | sector | follow | D19: Changes the Grid terminal level; 'follow' returns to auto-follow. | E19: Immediate | G19: Q-17 | H19: BP r18; Ans Q-17 | I19: Agreed
A20: CMD-06 | B20: move | C20: move <dx dy | x y> [speed] | D20: Impulse move within the sector. speed ≤ engine_power; cells moved = floor(speed − gravity pull). | E20: Queued | F20: Reject if speed > engine_power or target outside the sector | G20: Q-02 | H20: Ans Q-02 | I20: Agreed
A21: CMD-07 | B21: warp | C21: warp <gx gy> <sx sy> [factor] | D21: Warp to a sector (in any galaxy). factor ≤ warpcore_power; reach from the warp curve (9 Ships). | E21: Queued | F21: Reject if destination beyond reach for the factor | G21: Q-02 | H21: Ans Q-02 | I21: Agreed
A22: CMD-08 | B22: fire | C22: fire torpedo | phaser <target> | D22: Attacks a ship or planet in range. Starting a fight costs respect; asks for confirmation. | E22: Queued; target in range | F22: Confirm (Q-34) | G22: Q-12 | H22: Implied r75, r100; Ans Q-34 | I22: Agreed
A23: CMD-09 | B23: shields | C23: shields status | D23: Shows current / max shields. Shield power is not adjustable — it drains and recharges. | E23: Immediate | G23: Q-12 | H23: Claude | I23: Proposed
A24: CMD-10 | B24: peace | C24: peace offer | accept | reject <captain | planet> | D24: Offers, accepts or rejects peace during a battle. | E24: Queued; during a battle | G24: Q-12 | H24: Implied r99, r108 | I24: Draft
A25: CMD-11 | B25: escape | C25: escape <dx dy> | D25: Moves out of all enemies' weapon range; succeeds if the move completes (no dice). | E25: Queued; during a battle | G25: Q-12 | H25: Claude | I25: Proposed
A26: CMD-12 | B26: trade | C26: trade <captain | planet> give <items> for <items> | D26: Proposes a trade of items, gold or silver. 1 gold = 20 silver. | E26: Queued; counterparty in the same cell | G26: Q-14 | H26: Ans Q-14; Claude | I26: Proposed
A27: CMD-13 | B27: upgrade | C27: upgrade <component> with <element> | D27: Spends an element to improve torpedoes, phasers, shields, engine or warp core (12 Trade, upgrade map). | E27: Queued | F27: Reject if the element does not improve that component | G27: Q-14 | H27: BP r91 | I27: Draft
A28: CMD-14 | B28: scan | C28: scan | D28: Reveals what is in the current cell (items) and, with fog of war on, the surrounding sector. | E28: Immediate | G28: Q-07, Q-30 | H28: Ans Q-07, Q-30 | I28: Agreed
A29: CMD-15 | B29: pickup | C29: pickup <item> | D29: Picks up an item in the current cell after a scan. Items are never picked up automatically. | E29: Queued; item in cell and scanned | G29: Q-07 | H29: Ans Q-07 | I29: Agreed
A30: CMD-16 | B30: orders | C30: orders [cancel n] | D30: Reviews or cancels queued orders before the turn ends. | E30: Immediate | G30: Q-01 | H30: Template | I30: Draft
A31: CMD-17 | B31: end | C31: end | D31: Ends the turn; all queued orders execute. | E31: Immediate | F31: Confirm if a hazard countdown is running and no move is queued | G31: Q-01, Q-34 | H31: BP r4 | I31: Agreed
A32: CMD-18 | B32: quit | C32: quit | D32: Confirms, autosaves, then the launcher closes every window. | E32: Immediate | F32: Confirm | G32: Q-32, Q-34 | H32: Ans Q-32, Q-34 | I32: Agreed
A33: CMD-19 | B33: new | C33: new [seed] | D33: Starts a new game (new seed). Offered after game over; also available any time with confirmation. | E33: Immediate | F33: Confirm | G33: Q-33 | H33: Ans Q-33 | I33: Agreed
A34: CMD-20 | B34: buy / sell | C34: buy <item> <qty> / sell <item> <qty> | D34: Buys from or sells to the planet in the current cell at its prices (shortcut for trade with a planet). | E34: Queued; planet in cell | G34: Q-14 | H34: Ans Q-14; Claude | I34: Proposed
A39: Prompt & interaction
A40: ID | B40: Aspect | C40: Current thinking | D40: Example | E40: Edge cases | F40: Notes | G40: Open Q | H40: Origin | I40: Status
A41: UX-01 | B41: Prompt format | C41: Turn number, active ship, queued-order count. | D41: [T12 · Kestrel · 2 orders] > | H41: Claude | I41: Proposed
A42: UX-02 | B42: Many orders per turn | C42: Orders are queued, then 'end' executes them all. | E42: Same-kind order for the same ship replaces the earlier one (OV-02b). | G42: Q-01 | H42: BP r4; Ans Q-01 | I42: Agreed
A43: UX-03 | B43: Error display | C43: Rejected orders and invalid commands show inline on T1 and are echoed to the T3 log. | G43: Q-34 | H43: Ans Q-34 | I43: Agreed
A44: UX-04 | B44: Confirmations | C44: Confirm before: starting a fight, quit, new game, ending a turn inside a hazard with no move queued. | G44: Q-34 | H44: Ans Q-34 | I44: Agreed
A45: UX-05 | B45: History / autocomplete | C45: Arrow-key history; tab completion of commands, ship, captain and planet names. | H45: Claude | I45: Proposed
A46: UX-06 | B46: Waiting for resolution | C46: Prompt locks after 'end' and shows a spinner until turn.resolved. | H46: Claude | I46: Proposed
A47: UX-07 | B47: Orders per ship | C47: Each owned ship has its own order queue; 'ship' switches which queue you are filling. | G47: Q-13 | H47: Claude | I47: Proposed
A48: UX-08 | B48: Colour | C48: Commands, errors, warnings and confirmations each have their own colour; same palette as T2 / T3 / T4. | H48: Chat A8 | I48: Agreed

Sheet 4 T2 Grid
A1: 4 · T2 Grid terminal
A2: The map: levels, symbol legend, overlays and refresh
A3: =HYPERLINK("#'0 Index'!A1","↩ Index") -> ↩ Index
A5: Purpose | C5: Shows the map at Universe, Galaxy or Sector level; auto-follows the active ship, 'view' overrides. | I5: BP r18; Ans Q-17
A6: Process / module | C6: TBD — e.g. mos/terminals/grid.py | I6: Template
A7: Subscribes | C7: turn.resolved, view.changed | I7: 2 Architecture
A8: Publishes | C8: nothing (display only) | I8: Claude · Proposed
A9: Render library | C9: Rich — full-colour cells | I9: Chat A8 · Proposed
A10: Refresh | C10: Full redraw once per turn.resolved and on view.changed | I10: Ans Q-31
A11: Fog of war | C11: Config key [world] fog_of_war = on | off. On: sector contents hidden until visited or scanned; galaxy / universe layout always visible. | I11: Ans Q-30
A13: View levels
A14: Default sizes are proposals; all three are config keys (Q-05).
A15: ID | B15: Level | C15: Each cell shows | D15: Grid size (M × N) | E15: Highlights | F15: Cell format | G15: Open Q | H15: Origin | I15: Status
A16: VW-01 | B16: Universe | C16: A galaxy or Void. | D16: 8 × 8 galaxies | E16: Galaxy containing the active ship | F16: 2 chars + colour | G16: Q-05 | H16: BP r35–36; Claude | I16: Proposed
A17: VW-02 | B17: Galaxy | C17: A sector or Void. | D17: 16 × 16 sectors | E17: Sector containing the active ship; sectors with known hazards | F17: 2 chars + colour | G17: Q-05 | H17: BP r39–40; Claude | I17: Proposed
A18: VW-03 | B18: Sector | C18: A star / black hole / neutron star / planet, items, ships, or Void. | D18: 24 × 24 cells | E18: Active ship; owned ships; enemy ships; hazard cells | F18: 2 chars + colour | G18: Q-05, Q-06 | H18: BP r43–44; Claude | I18: Proposed
A21: Symbol legend
A22: Glyphs are proposals. Star colours follow the real stellar sequence from temperature (7 Stellar).
A23: ID | B23: Object | C23: Glyph | D23: Colour | E23: Colour rule | F23: Notes | G23: Open Q | H23: Origin | I23: Status
A24: SYM-01 | B24: Void | C24: · | D24: dark grey | H24: Claude | I24: Proposed
A25: SYM-02 | B25: Galaxy (universe view) | C25: ◎ | D25: white | H25: Claude | I25: Proposed
A26: SYM-03 | B26: Sector (galaxy view) | C26: ▪ | D26: grey; cyan if visited | G26: Q-30 | H26: Claude | I26: Proposed
A27: SYM-04 | B27: Star | C27: ★ | D27: by temperature | E27: red < 3 700 K · orange < 5 200 · yellow < 6 000 · yellow-white < 7 500 · white < 10 000 · blue-white < 30 000 · blue above | F27: Thresholds are config keys | G27: Q-10 | H27: BP r53–55, r111; Claude | I27: Proposed
A28: SYM-05 | B28: Neutron star | C28: ✦ | D28: magenta | F28: Pulls across the sector, weaker than a black hole | G28: Q-09 | H28: Ans Q-09 | I28: Proposed
A29: SYM-06 | B29: Black hole | C29: ● | D29: bright red | F29: Whole-sector hazard | H29: Claude | I29: Proposed
A30: SYM-07 | B30: Wormhole | C30: ◉ | D30: purple | F30: A black hole with a fixed partner | G30: Q-11 | H30: Ans Q-11 | I30: Proposed
A31: SYM-08 | B31: Planet | C31: ○ | D31: green | H31: Claude | I31: Proposed
A32: SYM-09 | B32: Item (normal / special) | C32: ? / ✧ | D32: yellow / bright yellow | F32: Shown only after a scan when fog of war is on | G32: Q-07 | H32: Ans Q-07 | I32: Proposed
A33: SYM-10 | B33: Active ship (player) | C33: ▲ | D33: bright cyan | H33: Claude | I33: Proposed
A34: SYM-11 | B34: Other owned ship | C34: △ | D34: cyan | G34: Q-13 | H34: Claude | I34: Proposed
A35: SYM-12 | B35: AI captain's ship | C35: ▼ | D35: orange; red when in battle with you | H35: Claude | I35: Proposed
A36: SYM-13 | B36: Binary / triple star | C36: ★★ | D36: each by its own temperature | F36: Stars are always in separate cells (Q-06); a system = stars in adjacent cells | G36: Q-06 | H36: Ans Q-06 | I36: Agreed
A37: SYM-14 | B37: Several things in one cell | C37: ship glyph wins | E37: Priority: active ship > other ship > item > terrain | F37: Only one star / planet / hole per cell | G37: Q-06 | H37: Ans Q-06; Claude | I37: Proposed
A41: Overlays & behaviour
A42: ID | B42: Aspect | C42: Current thinking | D42: Example | E42: Edge cases | F42: Notes | G42: Open Q | H42: Origin | I42: Status
A43: GRD-01 | B43: Coordinates | C43: Zero-based x y, column labels along the top, row labels down the side; commands use the same numbers. | D43: move 12 7 | G43: Q-05 | H43: Claude | I43: Proposed
A44: GRD-02 | B44: Level switching | C44: Auto-follows the active ship (sector view); 'view' overrides until 'view follow'. | G44: Q-17 | H44: Ans Q-17 | I44: Agreed
A45: GRD-03 | B45: Hazard overlay | C45: Cells within pull range are tinted; the countdown (turns until pulled in) is shown next to the ship. | G45: Q-02 | H45: Claude | I45: Proposed
A46: GRD-04 | B46: Fog of war | C46: Config on / off (see header). | G46: Q-30 | H46: Ans Q-30 | I46: Agreed
A47: GRD-05 | B47: Viewport | C47: Grid is sized to fit the window at the default sizes; larger configs scroll centred on the ship. | G47: Q-05 | H47: Claude | I47: Proposed
A48: GRD-06 | B48: Refresh rule | C48: Full redraw once per turn.resolved. | G48: Q-31 | H48: Ans Q-31 | I48: Agreed
A49: GRD-07 | B49: Header line | C49: Level · galaxy / sector coordinates · turn number · fog on/off. | H49: Claude | I49: Proposed
A50: GRD-08 | B50: Target marker | C50: Highlights the ship or planet named in the last fire / trade order. | H50: Claude | I50: Proposed

Sheet 5 T3 Output
A1: 5 · T3 Output terminal
A2: Results, reports and the event log
A3: =HYPERLINK("#'0 Index'!A1","↩ Index") -> ↩ Index
A5: Purpose | C5: Shows results, reports and information — the event log. | I5: BP r19
A6: Process / module | C6: TBD — e.g. mos/terminals/output.py | I6: Template
A7: Subscribes | C7: turn.resolved, event.log, order.rejected | I7: 2 Architecture
A8: Publishes | C8: nothing (display only) | I8: Claude · Proposed
A9: Render library | C9: Rich — colour per severity | I9: Chat A8
A10: Scrollback | C10: Last 500 lines kept; grouped by phase within a turn | I10: Claude · Proposed
A12: Message types
A13: 'Example line' is where you write what it should actually look like.
A14: ID | B14: Message type | C14: Triggered by | D14: Content (fields) | E14: Example line | F14: Severity / colour | G14: Open Q | H14: Origin | I14: Status
A15: OUT-01 | B15: Turn summary | C15: Turn resolved | D15: turn no, orders executed, notable events | E15: TBD | F15: Info | H15: Implied r4 | I15: Draft
A16: OUT-02 | B16: Movement result | C16: Move / warp resolved | D16: ship, from, to, speed / factor, pull netted | E16: TBD | F16: Info | G16: Q-02 | H16: Ans Q-02 | I16: Draft
A17: OUT-03 | B17: Hazard warning | C17: Ship within pull range | D17: object, pull, turns until pulled in, shield drain this turn | E17: TBD | F17: Warning (yellow) | G17: Q-02 | H17: Ans Q-02 | I17: Draft
A18: OUT-04 | B18: Combat report | C18: Battle exchange resolved | D18: attacker, defender, weapon, hit / miss, damage, shields left | E18: TBD | F18: Alert (red) | G18: Q-12 | H18: Claude | I18: Proposed
A19: OUT-05 | B19: Peace / escape | C19: Peace offered / accepted / rejected; escape attempted | D19: parties, result, X% transferred | E19: TBD | F19: Alert | G19: Q-12 | H19: Implied r107–108 | I19: Draft
A20: OUT-06 | B20: Loot acquired | C20: Opponent destroyed, or peace settlement | D20: items, gold, silver, stat gains | E20: TBD | F20: Info (green) | G20: Q-12 | H20: Implied r106 | I20: Draft
A21: OUT-07 | B21: Trade result | C21: Trade / buy / sell accepted or rejected | D21: counterparty, given, received | E21: TBD | F21: Info | G21: Q-14 | H21: Ans Q-14 | I21: Draft
A22: OUT-08 | B22: Upgrade applied | C22: Element used on a component | D22: component, before → after | E22: TBD | F22: Info | G22: Q-14 | H22: Implied r91 | I22: Draft
A23: OUT-09 | B23: Fear / respect change | C23: Any control event | D23: event, Δ fear, Δ respect, new levels | E23: TBD | F23: Info | H23: Implied r94–103 | I23: Draft
A24: OUT-10 | B24: Scan result / item found | C24: scan; pickup | D24: items in cell, hazards nearby | E24: TBD | F24: Info | G24: Q-07 | H24: Ans Q-07 | I24: Draft
A25: OUT-11 | B25: Ship lost / fleet change | C25: Ship destroyed, acquired or switched | D25: ship, cause | E25: TBD | F25: Alert | G25: Q-13 | H25: Implied r13 | I25: Draft
A26: OUT-12 | B26: Endgame eligibility | C26: Thresholds reached | D26: which thresholds; where the guarded sector is | E26: TBD | F26: Highlight | G26: Q-15 | H26: Ans Q-15 | I26: Draft
A27: OUT-13 | B27: Invalid command / rejected order | C27: Bad input, impossible order | D27: message, reason (echo of T1) | E27: TBD | F27: Error | G27: Q-34 | H27: Ans Q-34 | I27: Agreed
A28: OUT-14 | B28: System | C28: Bus connected, saved, AI thinking, shutdown | D28: message | E28: TBD | F28: Muted | G28: Q-32 | H28: Ans Q-32 | I28: Draft
A29: OUT-15 | B29: Mastery ceremony | C29: Ultimate item obtained | D29: fireworks animation, big ASCII-art title, stats maxed, planets open | E29: TBD | F29: Highlight (full colour) | G29: Q-37 | H29: Ans Q-37 | I29: Agreed
A30: OUT-16 | B30: Game over | C30: Player's ship destroyed | D30: cause, turn reached, run summary, 'new' to start again | E30: TBD | F30: Alert | G30: Q-29 | H30: Ans Q-29 | I30: Agreed
A31: OUT-17 | B31: Supplies warning | C31: Food or water ≤ warn_turns, or at 0 | D31: turns left, turns until mutiny | E31: TBD | F31: Warning | G31: Q-19 | H31: Ans Q-19; Claude | I31: Proposed
A32: OUT-18 | B32: Mutiny | C32: Food or water at 0 for mutiny_turns_at_zero turns | D32: ship lost; moved to <ship> or demoted to a Kestrel; supplies given; fear change | E32: TBD | F32: Alert | G32: Q-19 | H32: Chat A11, A19 | I32: Agreed
A36: Behaviour
A37: ID | B37: Aspect | C37: Current thinking | D37: Example | E37: Edge cases | F37: Notes | G37: Open Q | H37: Origin | I37: Status
A38: OB-01 | B38: Verbosity | C38: Normal by default; 'verbose' shows AI captains' events elsewhere in the galaxy. | H38: Claude | I38: Proposed
A39: OB-02 | B39: History | C39: 500 lines; grouped by phase within a turn. | G39: Q-31 | H39: Claude | I39: Proposed
A40: OB-03 | B40: Styling | C40: Colour per severity; same palette as T2 / T4. | H40: Chat A8 | I40: Agreed
A41: OB-04 | B41: Order within a turn | C41: Grouped by phase (movement → hazards → combat → trade → upkeep → reputation). | G41: Q-01 | H41: Ans Q-01 | I41: Proposed

Sheet 5b T4 Status
A1: 5b · T4 Status terminal
A2: The permanent status panel agreed in Q-25
A3: =HYPERLINK("#'0 Index'!A1","↩ Index") -> ↩ Index
A5: Purpose | C5: Always-visible state so T3 can stay a pure log: captain, active ship, fleet, cargo, supplies. | I5: Ans Q-25
A6: Process / module | C6: TBD — e.g. mos/terminals/status.py | I6: Template
A7: Subscribes | C7: turn.resolved | I7: 2 Architecture
A8: Publishes | C8: nothing (display only) | I8: Claude · Proposed
A9: Render library | C9: Rich panels / tables, colour-coded bars | I9: Chat A8
A11: Panels
A12: ID | B12: Panel | C12: Shows | D12: Updates when | E12: Position / size | F12: Notes | G12: Open Q | H12: Origin | I12: Status
A13: PNL-01 | B13: Captain | C13: name, gold, silver, fear (0–100 bar), respect (0–100 bar), eligibility for the ultimate item | D13: turn.resolved | E13: top | G13: Q-15 | H13: Ans Q-15, Q-25 | I13: Agreed
A14: PNL-02 | B14: Active ship | C14: name, class, torpedoes (count), phasers (0–10), shields current / max, engine (0–10), warp core (0–10), position | D14: turn.resolved | E14: middle | G14: Q-12 | H14: Ans Q-25; Claude | I14: Proposed
A15: PNL-03 | B15: Supplies | C15: food, water (turns remaining), colour-coded warning, mutiny countdown when at 0 | D15: turn.resolved | E15: middle | G15: Q-19 | H15: Ans Q-19; Chat A11 | I15: Proposed
A16: PNL-04 | B16: Cargo | C16: elements & compounds held, special items | D16: turn.resolved | E16: lower | H16: Implied r83 | I16: Proposed
A17: PNL-05 | B17: Fleet | C17: every owned ship: name, location, shields, orders queued | D17: turn.resolved | E17: bottom | G17: Q-13 | H17: Ans Q-13 | I17: Proposed
A18: PNL-06 | B18: Hazard / battle | C18: current pull, countdown, enemies in range | D18: turn.resolved | E18: side | F18: Only when relevant | G18: Q-02, Q-12 | H18: Claude | I18: Proposed

Sheet 6 World Grids
A1: 6 · World grids
A2: Universe → Galaxy → Sector, sparse storage, seeded generation
A3: =HYPERLINK("#'0 Index'!A1","↩ Index") -> ↩ Index
A5: Grid hierarchy
A6: ID | B6: Level | C6: Is a grid of | D6: Each cell holds | E6: Size (M × N) | F6: Open Q | G6: Origin | H6: Status
A7: WG-00 | B7: GeneralGrid | C7: — (base class) | D7: Sparse: a dict keyed by (x, y) → cell contents; empty = Void. Bounds M × N are properties. | E7: n/a | F7: Q-04 | G7: BP r30–32; Ans Q-04 | H7: Agreed
A8: WG-01 | B8: Universe | C8: Galaxies | D8: A Galaxy or Void. | E8: 8 × 8 (config) | F8: Q-05 | G8: BP r34–36; Claude | H8: Proposed
A9: WG-02 | B9: Galaxy | C9: Sectors | D9: A Sector or Void. | E9: 16 × 16 (config) | F9: Q-05 | G9: BP r38–40; Claude | H9: Proposed
A10: WG-03 | B10: Sector | C10: Cells | D10: At most one terrain object (star, black hole, neutron star, planet) per cell; any number of items and ships. | E10: 24 × 24 (config) | F10: Q-06 | G10: BP r42–44; Ans Q-06 | H10: Agreed
A12: Generation rules
A13: ID | B13: Rule | C13: Statement | D13: Notes | E13: Config key | F13: Open Q | G13: Origin | H13: Status
A14: SP-01 | B14: Seed | C14: Everything is generated from one seed; the same seed gives the same universe. | D14: Wormhole pairs fixed at seeding. | E14: [world] seed | F14: Q-08 | G14: Ans Q-08, Q-11 | H14: Agreed
A15: SP-02 | B15: Star systems | C15: One star per cell; binary / triple systems are stars in adjacent cells. | E15: [world] multi_star_pct | F15: Q-06 | G15: Ans Q-06 | H15: Agreed
A16: SP-03 | B16: Item density | C16: About 10 special items and 100 normal items per galaxy. | E16: [world] special_items_per_galaxy = 10, normal_items_per_galaxy = 100 | F16: Q-07 | G16: Ans Q-07 | H16: Agreed
A17: SP-04 | B17: Planets | C17: Planets sit in a cell adjacent to a star; 0–3 per system. | E17: [world] planets_per_system_max = 3 | G17: Claude | H17: Proposed
A18: SP-05 | B18: Starting position | C18: Player starts in a sector with a planet and no black hole or neutron star. | E18: [world] safe_start = true | F18: Q-08 | G18: Claude | H18: Proposed
A19: SP-06 | B19: AI captains | C19: 3 AI captains per galaxy, placed in random safe sectors. | E19: [world] ai_captains_per_galaxy = 3 | F19: Q-13 | G19: Claude | H19: Proposed
A20: SP-07 | B20: Sector density | C20: Per sector: 0–3 stars, 0–1 black hole or neutron star (never with the player's start), items per SP-03. | E20: [world] * | G20: Claude | H20: Proposed
A21: SP-08 | B21: Ultimate item | C21: Placed at eligibility time in a sector at least half the universe diameter from the captain, guarded by ships. | E21: [endgame] guard_ships = 4 | F21: Q-15 | G21: Ans Q-15 | H21: Agreed

Sheet 7 Stellar
A1: 7 · Stellar objects
A2: Types, attributes, and the energy → temperature → colour chain with a live calculator
A3: =HYPERLINK("#'0 Index'!A1","↩ Index") -> ↩ Index
A5: Types
A6: ID | B6: Type | C6: Attributes | D6: Notes | E6: Config key | F6: Open Q | G6: Origin | H6: Status
A7: ST-01 | B7: Star | C7: radius, base_energy, mass | D7: Pull and shield drain in its own cell only. Fatal if the ship stays. | G7: BP r49, r51; Ans Q-02 | H7: Agreed
A8: ST-02 | B8: Neutron star | C8: mass (lower than a black hole), radius | D8: Like a black hole but weaker pull: pulls across the sector; fatal if pulled in; no wormhole; no shield drain. | E8: [stellar] neutron_mass | F8: Q-09 | G8: Ans Q-09; Claude | H8: Proposed
A9: ST-03 | B9: Black hole | C9: mass (very high), radius, wormhole (bool) | D9: Pulls across the whole sector; a ship may lack the engine power to escape (8 Hazards calculator). | E9: [stellar] blackhole_mass | G9: BP r60–62; Ans Q-02 | H9: Agreed
A10: ST-04 | B10: Wormhole | C10: Black hole with a fixed partner (set at seeding) | D10: Exit can be in the same or another galaxy; the ship survives the crossing; pulled in again if it stays. | F10: Q-11 | G10: Ans Q-11 | H10: Agreed
A12: Derived quantities
A13: ID | B13: Quantity | C13: Formula | D13: Notes | E13: Config key | F13: Open Q | G13: Origin | H13: Status
A14: DQ-01 | B14: Volume | C14: volume = 4/3 · π · radius³ | F14: Q-10 | G14: Ans Q-10 | H14: Agreed
A15: DQ-02 | B15: Energy | C15: energy = base_energy × volume | F15: Q-10 | G15: BP r57; Ans Q-10 | H15: Agreed
A16: DQ-03 | B16: Temperature | C16: temperature = temp_scale × energy^0.25 | D16: Stefan–Boltzmann flavour; temp_scale = 2 700 gives a Sun-like star ≈ 5 800 K. | E16: [stellar] temp_scale = 2700 | F16: Q-10 | G16: Claude | H16: Proposed
A17: DQ-04 | B17: Colour | C17: colour = lookup(temperature, colour thresholds) | D17: Real stellar sequence: red → orange → yellow → yellow-white → white → blue-white → blue. | E17: [stellar] colour_thresholds | F17: Q-10 | G17: Claude | H17: Proposed
A18: DQ-05 | B18: Pull | C18: pull = k_g × mass / (1 + distance)^falloff (star: same cell only, distance = 0) | D18: Nets against impulse and warp speed (8 Hazards). | E18: [hazards] k_g = 1.0, falloff = 1.5 | F18: Q-02 | G18: Ans Q-02; Claude | H18: Proposed
A21: Star energy buckets
A22: ID | B22: Bucket | C22: Energy range | D22: Example | E22: Config key | F22: Open Q | G22: Origin | H22: Status
A23: EB-01 | B23: Low | C23: energy < 5 | D23: Dying star — radius 0.3, base 2 → energy ≈ 0.2, ≈ 1 900 K, red | E23: [stellar] energy_low_max = 5 | F23: Q-10 | G23: Claude | H23: Proposed
A24: EB-02 | B24: Medium | C24: 5 ≤ energy < 100 | D24: Sun-like — radius 1, base 5 → energy ≈ 21, ≈ 5 800 K, yellow | E24: [stellar] energy_medium_max = 100 | F24: Q-10 | G24: Claude | H24: Proposed
A25: EB-03 | B25: High | C25: energy ≥ 100 | D25: Giant — radius 3, base 8 → energy ≈ 905, ≈ 14 800 K, blue-white | E25: — | F25: Q-10 | G25: Claude | H25: Proposed
A28: Calculator — change the yellow inputs and the rows below recompute
A29: Inputs are placeholders; tune in playtest.
A30: temp_scale | B30: 2700 | C30: [stellar] temp_scale
A31: energy_low_max | B31: 5 | C31: [stellar] energy_low_max
A32: energy_medium_max | B32: 100 | C32: [stellar] energy_medium_max
A34: Colour thresholds (K)
A35: 0 | B35: red
A36: 3700 | B36: orange
A37: 5200 | B37: yellow
A38: 6000 | B38: yellow-white
A39: 7500 | B39: white
A40: 10000 | B40: blue-white
A41: 30000 | B41: blue
A43: Example star | B43: radius | C43: base_energy | D43: volume | E43: energy | F43: bucket | G43: temperature K | H43: colour
A44: dying star | B44: 0.3 | C44: 2 | D44: =4/3*PI()*B44^3 -> 0.11309734 | E44: =C44*D44 -> 0.22619467 | F44: =IF(E44<$B$31,"low",IF(E44<$B$32,"medium","high")) -> low | G44: =$B$30*E44^0.25 -> 1862.0201 | H44: =LOOKUP(G44,$A$35:$A$41,$B$35:$B$41) -> red
A45: Sun-like | B45: 1 | C45: 5 | D45: =4/3*PI()*B45^3 -> 4.1887902 | E45: =C45*D45 -> 20.943951 | F45: =IF(E45<$B$31,"low",IF(E45<$B$32,"medium","high")) -> medium | G45: =$B$30*E45^0.25 -> 5776.0164 | H45: =LOOKUP(G45,$A$35:$A$41,$B$35:$B$41) -> yellow
A46: giant | B46: 3 | C46: 8 | D46: =4/3*PI()*B46^3 -> 113.09734 | E46: =C46*D46 -> 904.77868 | F46: =IF(E46<$B$31,"low",IF(E46<$B$32,"medium","high")) -> high | G46: =$B$30*E46^0.25 -> 14808.101 | H46: =LOOKUP(G46,$A$35:$A$41,$B$35:$B$41) -> blue-white
A47: your own | B47: 1.5 | C47: 6 | D47: =4/3*PI()*B47^3 -> 14.137167 | E47: =C47*D47 -> 84.823002 | F47: =IF(E47<$B$31,"low",IF(E47<$B$32,"medium","high")) -> medium | G47: =$B$30*E47^0.25 -> 8193.9286 | H47: =LOOKUP(G47,$A$35:$A$41,$B$35:$B$41) -> white

Sheet 8 Hazards
A1: 8 · Hazard rules
A2: Gravity, shield drain, black holes, wormholes — with a pull calculator
A3: =HYPERLINK("#'0 Index'!A1","↩ Index") -> ↩ Index
A5: Rules
A6: ID | B6: Object | C6: Trigger | D6: Effect | E6: Magnitude | F6: Config key | G6: Open Q | H6: Origin | I6: Status
A7: HZ-01 | B7: Star | C7: Ship 1+ cells away | D7: No effect. | E7: 0 | H7: BP r65 | I7: Agreed
A8: HZ-02 | B8: Star | C8: Ship in the same cell | D8: Pull nets against speed; if the ship does not get out, it is pulled in after N turns and destroyed. | E8: N = ceil(pull_turns_scale / pull); Sun-like ≈ 7 turns | F8: [hazards] pull_turns_scale = 7 | G8: Q-02 | H8: BP r66–67; Ans Q-02 | I8: Agreed
A9: HZ-03 | B9: Star | C9: Ship in the same cell | D9: Shields drain each turn by the star's bucket. | E9: low 5 · medium 10 · high 20 per turn (of 100) | F9: [hazards] drain_low = 5, drain_medium = 10, drain_high = 20 | G9: Q-03 | H9: Ans Q-03; Claude | I9: Proposed
A10: HZ-04 | B10: Black hole | C10: Ship anywhere in the sector | D10: Pull nets against speed at every distance; a ship whose engine ≤ pull cannot move away. Pulled in and destroyed after N turns if it does not get out. | E10: see calculator | F10: [stellar] blackhole_mass = 20 | G10: Q-02 | H10: BP r70, r72; Ans Q-02 | I10: Agreed
A11: HZ-05 | B11: Wormhole | C11: Ship pulled into a wormhole black hole | D11: Emerges at the fixed partner (same or other galaxy), alive; pulled in again if it stays. | G11: Q-11 | H11: BP r71–72; Ans Q-11 | I11: Agreed
A12: HZ-06 | B12: Neutron star | C12: Ship anywhere in the sector | D12: As a black hole with lower mass; no shield drain; no wormhole. | E12: see calculator | F12: [stellar] neutron_mass = 8 | G12: Q-09 | H12: Ans Q-09; Claude | I12: Proposed
A13: HZ-07 | B13: Planet | C13: Ship in the same cell | D13: No hazard; trading and landing happen here. | G13: Q-21 | H13: Claude | I13: Proposed
A14: HZ-08 | B14: Countdown reset | C14: Ship leaves the pull range (star: the cell; hole: the sector) | D14: Countdown resets to N. | G14: Q-02 | H14: Claude | I14: Proposed
A15: HZ-09 | B15: Zero shields | C15: Shields reach 0 (from drain or combat) | D15: The next hit of any kind destroys the ship. | G15: Q-03 | H15: Ans Q-03 | I15: Agreed
A16: HZ-10 | B16: Warp inside pull | C16: Warping out of a hole's sector | D16: Warp factor is netted by pull too: effective = factor − pull; if ≤ 0 the warp fails. | G16: Q-02 | H16: Claude | I16: Proposed
A19: Pull calculator — yellow inputs; distance is in sector cells from the hole
A20: All inputs are placeholders — the 7-turn Sun-like star is only the blueprint's example. Tune in playtest (Chat A16).
A21: k_g | B21: 1 | C21: [hazards] k_g
A22: falloff | B22: 1.5 | C22: [hazards] falloff exponent
A23: blackhole_mass | B23: 20 | C23: [stellar] blackhole_mass
A24: neutron_mass | B24: 8 | C24: [stellar] neutron_mass
A25: sun_mass | B25: 1 | C25: a Sun-like star's mass
A26: pull_turns_scale | B26: 7 | C26: [hazards] pull_turns_scale
A28: distance | B28: black hole pull | C28: min engine to move | D28: turns to pulled in | E28: neutron pull | F28: min engine to move | G28: turns to pulled in
A29: 0 | B29: =$B$21*$B$23/(1+A29)^$B$22 -> 20 | C29: =IF(B29>=10,"impossible",ROUNDUP(B29+0.01,1)) -> impossible | D29: =ROUNDUP($B$26/B29,0) -> 1 | E29: =$B$21*$B$24/(1+A29)^$B$22 -> 8 | F29: =IF(E29>=10,"impossible",ROUNDUP(E29+0.01,1)) -> 8.1 | G29: =ROUNDUP($B$26/E29,0) -> 1
A30: 1 | B30: =$B$21*$B$23/(1+A30)^$B$22 -> 7.0710678 | C30: =IF(B30>=10,"impossible",ROUNDUP(B30+0.01,1)) -> 7.1 | D30: =ROUNDUP($B$26/B30,0) -> 1 | E30: =$B$21*$B$24/(1+A30)^$B$22 -> 2.8284271 | F30: =IF(E30>=10,"impossible",ROUNDUP(E30+0.01,1)) -> 2.9 | G30: =ROUNDUP($B$26/E30,0) -> 3
A31: 2 | B31: =$B$21*$B$23/(1+A31)^$B$22 -> 3.8490018 | C31: =IF(B31>=10,"impossible",ROUNDUP(B31+0.01,1)) -> 3.9 | D31: =ROUNDUP($B$26/B31,0) -> 2 | E31: =$B$21*$B$24/(1+A31)^$B$22 -> 1.5396007 | F31: =IF(E31>=10,"impossible",ROUNDUP(E31+0.01,1)) -> 1.6 | G31: =ROUNDUP($B$26/E31,0) -> 5
A32: 3 | B32: =$B$21*$B$23/(1+A32)^$B$22 -> 2.5 | C32: =IF(B32>=10,"impossible",ROUNDUP(B32+0.01,1)) -> 2.6 | D32: =ROUNDUP($B$26/B32,0) -> 3 | E32: =$B$21*$B$24/(1+A32)^$B$22 -> 1 | F32: =IF(E32>=10,"impossible",ROUNDUP(E32+0.01,1)) -> 1.1 | G32: =ROUNDUP($B$26/E32,0) -> 7
A33: 4 | B33: =$B$21*$B$23/(1+A33)^$B$22 -> 1.7888544 | C33: =IF(B33>=10,"impossible",ROUNDUP(B33+0.01,1)) -> 1.8 | D33: =ROUNDUP($B$26/B33,0) -> 4 | E33: =$B$21*$B$24/(1+A33)^$B$22 -> 0.71554175 | F33: =IF(E33>=10,"impossible",ROUNDUP(E33+0.01,1)) -> 0.8 | G33: =ROUNDUP($B$26/E33,0) -> 10
A34: 5 | B34: =$B$21*$B$23/(1+A34)^$B$22 -> 1.3608276 | C34: =IF(B34>=10,"impossible",ROUNDUP(B34+0.01,1)) -> 1.4 | D34: =ROUNDUP($B$26/B34,0) -> 6 | E34: =$B$21*$B$24/(1+A34)^$B$22 -> 0.54433105 | F34: =IF(E34>=10,"impossible",ROUNDUP(E34+0.01,1)) -> 0.6 | G34: =ROUNDUP($B$26/E34,0) -> 13
A35: 6 | B35: =$B$21*$B$23/(1+A35)^$B$22 -> 1.0798985 | C35: =IF(B35>=10,"impossible",ROUNDUP(B35+0.01,1)) -> 1.1 | D35: =ROUNDUP($B$26/B35,0) -> 7 | E35: =$B$21*$B$24/(1+A35)^$B$22 -> 0.4319594 | F35: =IF(E35>=10,"impossible",ROUNDUP(E35+0.01,1)) -> 0.5 | G35: =ROUNDUP($B$26/E35,0) -> 17
A36: 7 | B36: =$B$21*$B$23/(1+A36)^$B$22 -> 0.88388348 | C36: =IF(B36>=10,"impossible",ROUNDUP(B36+0.01,1)) -> 0.9 | D36: =ROUNDUP($B$26/B36,0) -> 8 | E36: =$B$21*$B$24/(1+A36)^$B$22 -> 0.35355339 | F36: =IF(E36>=10,"impossible",ROUNDUP(E36+0.01,1)) -> 0.4 | G36: =ROUNDUP($B$26/E36,0) -> 20
A37: 8 | B37: =$B$21*$B$23/(1+A37)^$B$22 -> 0.74074074 | C37: =IF(B37>=10,"impossible",ROUNDUP(B37+0.01,1)) -> 0.8 | D37: =ROUNDUP($B$26/B37,0) -> 10 | E37: =$B$21*$B$24/(1+A37)^$B$22 -> 0.2962963 | F37: =IF(E37>=10,"impossible",ROUNDUP(E37+0.01,1)) -> 0.4 | G37: =ROUNDUP($B$26/E37,0) -> 24
A38: 9 | B38: =$B$21*$B$23/(1+A38)^$B$22 -> 0.63245553 | C38: =IF(B38>=10,"impossible",ROUNDUP(B38+0.01,1)) -> 0.7 | D38: =ROUNDUP($B$26/B38,0) -> 12 | E38: =$B$21*$B$24/(1+A38)^$B$22 -> 0.25298221 | F38: =IF(E38>=10,"impossible",ROUNDUP(E38+0.01,1)) -> 0.3 | G38: =ROUNDUP($B$26/E38,0) -> 28
A39: 10 | B39: =$B$21*$B$23/(1+A39)^$B$22 -> 0.54820244 | C39: =IF(B39>=10,"impossible",ROUNDUP(B39+0.01,1)) -> 0.6 | D39: =ROUNDUP($B$26/B39,0) -> 13 | E39: =$B$21*$B$24/(1+A39)^$B$22 -> 0.21928098 | F39: =IF(E39>=10,"impossible",ROUNDUP(E39+0.01,1)) -> 0.3 | G39: =ROUNDUP($B$26/E39,0) -> 32
A40: 11 | B40: =$B$21*$B$23/(1+A40)^$B$22 -> 0.48112522 | C40: =IF(B40>=10,"impossible",ROUNDUP(B40+0.01,1)) -> 0.5 | D40: =ROUNDUP($B$26/B40,0) -> 15 | E40: =$B$21*$B$24/(1+A40)^$B$22 -> 0.19245009 | F40: =IF(E40>=10,"impossible",ROUNDUP(E40+0.01,1)) -> 0.3 | G40: =ROUNDUP($B$26/E40,0) -> 37
A41: 12 | B41: =$B$21*$B$23/(1+A41)^$B$22 -> 0.42669246 | C41: =IF(B41>=10,"impossible",ROUNDUP(B41+0.01,1)) -> 0.5 | D41: =ROUNDUP($B$26/B41,0) -> 17 | E41: =$B$21*$B$24/(1+A41)^$B$22 -> 0.17067698 | F41: =IF(E41>=10,"impossible",ROUNDUP(E41+0.01,1)) -> 0.2 | G41: =ROUNDUP($B$26/E41,0) -> 42
A42: Sun-like star, same cell: | C42: =$B$21*$B$25 -> 1 | D42: =ROUNDUP($B$26/C42,0) -> 7 | E42: ← pull, turns until pulled in (should read 7 with the defaults)

Sheet 9 Ships
A1: 9 · Ships
A2: Ship class, movement rules with the warp curve calculator, ship classes
A3: =HYPERLINK("#'0 Index'!A1","↩ Index") -> ↩ Index
A5: Ship class — Ships = {torpedos, phasers, shield_power, engine_power, warpcore_power, captain}
A6: ID | B6: Attribute | C6: Type | D6: Range / meaning | E6: Notes | F6: Open Q | G6: Origin | H6: Status
A7: SH-01 | B7: torpedos | C7: int (ammo count) | D7: 0 … ∞; each hit does torpedo_damage (25) | E7: Bought from planets or looted. | F7: Q-12 | G7: BP r75; Claude | H7: Proposed
A8: SH-02 | B8: phasers | C8: float 0–10 | D8: Damage per exchange = phasers × phaser_damage_per_unit (5), falling with distance | E8: Never runs out. | F8: Q-12 | G8: BP r75; Claude | H8: Proposed
A9: SH-03 | B9: shield_max / shield_current | C9: float 0–100 | D9: Current absorbs all damage; at 0 the next hit destroys the ship. Recharges shield_recharge (5) per turn outside hazards and battle. | E9: shield_max is what upgrades raise; not looted (CB-01). | F9: Q-03, Q-12 | G9: BP r75, r68, r106; Ans Q-03; Claude | H9: Proposed
A10: SH-04 | B10: engine_power | C10: float 0–10 | D10: Max impulse speed; cells per turn = floor(speed − pull). | F10: Q-02 | G10: BP r76; Ans Q-02 | H10: Agreed
A11: SH-05 | B11: warpcore_power | C11: float 0–10 | D11: Max warp factor; reach from the warp curve below; 10 = anywhere in one turn. | F11: Q-02 | G11: BP r77; Ans Q-02 | H11: Agreed
A12: SH-06 | B12: captain | C12: Captain | D12: The owning captain (10 Captain). | G12: BP r75 | H12: Agreed
A13: SH-07 | B13: hull | C13: — (none) | D13: No hull stat: shields are the ship's health (Q-03). | F13: Q-03 | G13: Ans Q-03 | H13: Agreed
A14: SH-08 | B14: name, class | C14: str | D14: Original names; class from the table below. | G14: Template | H14: Needs detail
A15: SH-09 | B15: position | C15: (galaxy xy, sector xy, cell xy) | G15: Implied r8 | H15: Agreed
A16: SH-10 | B16: cargo | C16: — (captain-level) | D16: Items belong to the captain, not the ship; no cargo limit. | F16: Q-14 | G16: Ans Q-14 | H16: Agreed
A19: Movement
A20: ID | B20: Mode | C20: Speed → distance per turn | D20: Range limit | E20: Notes | F20: Open Q | G20: Origin | H20: Status
A21: MV-01 | B21: Impulse | C21: cells = floor(speed − pull); speed 1 → 1 cell, 2 → 2 cells; 2.5 → 2 cells. | D21: Within the sector | E21: Fractional engine power only matters against pull. | F21: Q-02 | G21: Ans Q-02; Chat A9 | H21: Agreed
A22: MV-02 | B22: Warp | C22: reach (sectors) = w × B^((w/10)^p); w = 10 → anywhere. B = 16, p = 4 give: 1 → 1.0, 2 → 2.0, 5 → 5.9, 8 → 25, 9 → 55, 9.9 → 142, 9.99999 → 160. | D22: Universe diameter ≈ 8 × 16 × √2 ≈ 181 sectors with the proposed sizes — so 9.99999 is fast but not everywhere. | E22: Distance between sectors in different galaxies = Chebyshev distance on the flattened sector grid. | F22: Q-02 | G22: Ans Q-02; Claude | H22: Proposed
A23: MV-03 | B23: Pull vs warp | C23: effective factor = w − pull at the departure cell; if ≤ 0 the warp fails. | F23: Q-02 | G23: Claude | H23: Proposed
A24: MV-04 | B24: Cost | C24: Moving costs nothing except food and water upkeep each turn. | F24: Q-19 | G24: Claude | H24: Proposed
A25: MV-05 | B25: Arrival cell after warp | C25: Nearest free cell to the sector centre. | F25: Q-02 | G25: Claude | H25: Proposed
A26: MV-06 | B26: Fleet movement | C26: Owned ships in the same cell as the active ship move with it; others hold position. | F26: Q-13 | G26: Claude | H26: Proposed
A29: Warp curve calculator — change B and p (yellow) and the reach column recomputes
A30: B and p are placeholders; tune in playtest.
A31: B | B31: 16 | C31: [movement] warp_curve_base
A32: p | B32: 4 | C32: [movement] warp_curve_exponent
A34: warp factor | B34: reach (sectors) | C34: note
A35: 1 | B35: =IF(A35>=10,"anywhere",A35*$B$31^((A35/10)^$B$32)) -> 1.0002773
A36: 2 | B36: =IF(A36>=10,"anywhere",A36*$B$31^((A36/10)^$B$32)) -> 2.008892
A37: 3 | B37: =IF(A37>=10,"anywhere",A37*$B$31^((A37/10)^$B$32)) -> 3.0681361
A38: 4 | B38: =IF(A38>=10,"anywhere",A38*$B$31^((A38/10)^$B$32)) -> 4.2942316
A39: 5 | B39: =IF(A39>=10,"anywhere",A39*$B$31^((A39/10)^$B$32)) -> 5.9460356
A40: 6 | B40: =IF(A40>=10,"anywhere",A40*$B$31^((A40/10)^$B$32)) -> 8.5941949
A41: 7 | B41: =IF(A41>=10,"anywhere",A41*$B$31^((A41/10)^$B$32)) -> 13.620945
A42: 8 | B42: =IF(A42>=10,"anywhere",A42*$B$31^((A42/10)^$B$32)) -> 24.90563
A43: 9 | B43: =IF(A43>=10,"anywhere",A43*$B$31^((A43/10)^$B$32)) -> 55.496505
A44: 9.5 | B44: =IF(A44>=10,"anywhere",A44*$B$31^((A44/10)^$B$32)) -> 90.883879
A45: 9.9 | B45: =IF(A45>=10,"anywhere",A45*$B$31^((A45/10)^$B$32)) -> 142.00644
A46: 9.99999 | B46: =IF(A46>=10,"anywhere",A46*$B$31^((A46/10)^$B$32)) -> 159.99807 | C46: universe diameter ≈ 181 sectors at 8 × 16
A47: 10 | B47: =IF(A47>=10,"anywhere",A47*$B$31^((A47/10)^$B$32)) -> anywhere
A49: Ship classes
A50: Proposed starting set; names are placeholders for you to replace.
A51: ID | B51: Class name | C51: Role | D51: Base stats (torp / phaser / shield / engine / warp) | E51: Notes | F51: Open Q | G51: Origin | H51: Status
A52: CLS-01 | B52: Kestrel (starting ship) | C52: Scout / trader | D52: 6 / 3 / 60 / 4 / 3 | E52: Weak but fast enough to escape | G52: Claude | H52: Proposed
A53: CLS-02 | B53: Corsair | C53: Raider | D53: 12 / 5 / 80 / 6 / 5 | E53: AI captains' usual ship | G53: Claude | H53: Proposed
A54: CLS-03 | B54: Bastion | C54: Heavy | D54: 20 / 8 / 100 / 3 / 4 | E54: Guards the ultimate item | F54: Q-15 | G54: Claude | H54: Proposed

Sheet 10 Captain
A1: 10 · Captain & fleet
A2: Captain class, fleet rules, endgame eligibility
A3: =HYPERLINK("#'0 Index'!A1","↩ Index") -> ↩ Index
A5: Captain class — Captain = {name, gold_coins, silver_coins, items, fear_level, respect_level}
A6: ID | B6: Attribute | C6: Type | D6: Range / meaning | E6: Notes | F6: Open Q | G6: Origin | H6: Status
A7: CP-01 | B7: name | C7: str | G7: BP r80 | H7: Agreed
A8: CP-02 | B8: gold_coins | C8: int | D8: Start: 5 | E8: 1 gold = 20 silver. | F8: Q-14 | G8: BP r80; Ans Q-14; Claude | H8: Proposed
A9: CP-03 | B9: silver_coins | C9: int | D9: Start: 50 | F9: Q-14 | G9: BP r80; Claude | H9: Proposed
A10: CP-04 | B10: items | C10: List[Item] | E10: Items belong to the captain, shared across the fleet. | F10: Q-14 | G10: BP r80; Ans Q-14 | H10: Agreed
A11: CP-05 | B11: fear_level | C11: int 0–100 | D11: Start: 10 | F11: Q-15 | G11: BP r80; Ans Q-15 | H11: Agreed
A12: CP-06 | B12: respect_level | C12: int 0–100 | D12: Start: 10 | F12: Q-15 | G12: BP r80; Ans Q-15 | H12: Agreed
A13: CP-07 | B13: food, water | C13: int | D13: Start: 30 each; −1 each per turn | E13: Buy from planets. At 0: mutiny (11 Items, SUP-03). | F13: Q-19 | G13: Ans Q-19; Chat A11 | H13: Proposed
A14: CP-08 | B14: ships / active_ship | C14: List[Ship] / Ship | D14: No limit | F14: Q-13 | G14: Ans Q-13 | H14: Agreed
A15: CP-09 | B15: is_player | C15: bool | E15: AI captains use the same class. | F15: Q-13 | G15: Claude | H15: Proposed
A16: CP-10 | B16: is_master | C16: bool | D16: Set when the ultimate item is obtained | F16: Q-37 | G16: Ans Q-37 | H16: Agreed
A19: Fleet rules
A20: ID | B20: Rule | C20: Statement | D20: Notes | E20: Example | F20: Open Q | G20: Origin | H20: Status
A21: FL-01 | B21: Switching | C21: The command terminal switches the active ship; each ship has its own order queue. | F21: Q-13 | G21: BP r13; Claude | H21: Proposed
A22: FL-02 | B22: Acquiring ships | C22: Buy from a planet (price in gold) or capture: a ship whose captain accepts peace at 0 shields surrenders it. | F22: Q-13 | G22: Claude | H22: Proposed
A23: FL-03 | B23: Inactive ships | C23: Hold position unless in the active ship's cell (then they move with it). | F23: Q-13 | G23: Claude | H23: Proposed
A24: FL-04 | B24: Game over | C24: Game over when the player's active ship is destroyed — the captain is on it. Other owned ships do not save the run. | F24: Q-29 | G24: Ans Q-29; Chat A10 | H24: Agreed
A25: FL-05 | B25: Fleet in battle | C25: All ships in range fight under the same rules; strength for fear / respect is the fleet total. | F25: Q-13, Q-22 | G25: Ans Q-13, Q-22 | H25: Agreed
A28: Endgame eligibility
A29: ID | B29: Threshold | C29: Value | D29: Notes | E29: Config key | F29: Open Q | G29: Origin | H29: Status
A30: EG-01 | B30: Wealth | C30: ≥ 100 gold-equivalent (gold × 20 + silver ≥ 2 000 silver) | D30: Tuned to ~70–100 turns (Q-35). | E30: [endgame] wealth_min_silver = 2000 | F30: Q-15 | G30: Ans Q-15; Claude | H30: Proposed
A31: EG-02 | B31: Respect | C31: ≥ 90 | E31: [endgame] respect_min = 90 | F31: Q-15 | G31: Ans Q-15 | H31: Agreed
A32: EG-03 | B32: Fear | C32: ≥ 90 | E32: [endgame] fear_min = 90 | F32: Q-15 | G32: Ans Q-15 | H32: Agreed
A33: EG-04 | B33: Required items | C33: Hold at least one special item of each category (11 Items). | E33: [endgame] required_special_categories = 3 | F33: Q-15 | G33: Claude | H33: Proposed
A34: EG-05 | B34: Ultimate item — name | C34: Lodestone of Starbour (recommended; lodestone = the navigator's stone, fits the harbour pun). Alternatives: Crystal of Starbour, Starbour Keelstone. | F34: Q-26 | G34: Ans Q-26; Claude | H34: Proposed
A35: EG-06 | B35: Ultimate item — where | C35: Placed when eligible, ≥ half the universe diameter away, in a sector guarded by guard_ships Bastion-class ships that must be beaten. | E35: [endgame] guard_ships = 4 | F35: Q-15 | G35: Ans Q-15 | H35: Agreed
A36: EG-07 | B36: Mastery — effect | C36: Weapons, shields, engine, warp = max; wealth infinite; fear and respect = 100; all planets willing to trade. Play continues. | F36: Q-37 | G36: Chat A4; Ans Q-37 | H36: Agreed
A37: EG-08 | B37: Mastery — ceremony | C37: Fireworks animation and big ASCII-art title on T3 (full colour); T4 shows the title permanently. | F37: Q-37 | G37: Ans Q-37 | H37: Agreed

Sheet 11 Items & Planets
A1: 11 · Items, elements & planets
A2: Item class, element catalogue (real + mythical names), planet class and rules
A3: =HYPERLINK("#'0 Index'!A1","↩ Index") -> ↩ Index
A5: Items — Items = {food, water, element_compounds}
A6: ID | B6: Item | C6: Type | D6: Purpose / use | E6: Notes | F6: Open Q | G6: Origin | H6: Status
A7: IT-01 | B7: food | C7: int | D7: Consumed −1 per turn by crew and captain; bought from planets. | E7: At 0: mutiny (SUP-03). | F7: Q-19 | G7: Ans Q-19 | H7: Agreed
A8: IT-02 | B8: water | C8: int | D8: As food. | F8: Q-19 | G8: Ans Q-19 | H8: Agreed
A9: IT-03 | B9: element_compounds | C9: List[Element] | D9: Trade goods; some upgrade ship components. | F9: Q-14 | G9: BP r83, r91 | H9: Agreed
A10: IT-04 | B10: Pickup | C10: rule | D10: Enter the cell → scan → choose to pick up. Never automatic. | F10: Q-07 | G10: Ans Q-07 | H10: Agreed
A11: IT-05 | B11: Rarity | C11: rule | D11: ≈ 10 special and 100 normal items per galaxy; no respawn. | F11: Q-07 | G11: Ans Q-07; Claude | H11: Proposed
A14: Supplies & mutiny
A15: Your rule: at zero food or water the crew mutiny and the captain is demoted to a low-class ship. The mechanics around it are proposals.
A16: ID | B16: Rule | C16: Statement | D16: Notes | E16: Config key | F16: Open Q | G16: Origin | H16: Status
A17: SUP-01 | B17: Consumption | C17: Food and water each fall by 1 per turn. | F17: Q-19 | G17: Ans Q-19 | H17: Agreed
A18: SUP-02 | B18: Warning | C18: T3 / T4 warn when either is ≤ warn_turns; at 0 the mutiny countdown shows. | E18: [supplies] warn_turns = 5 | F18: Q-19 | G18: Claude | H18: Proposed
A19: SUP-03 | B19: Mutiny | C19: After mutiny_turns_at_zero consecutive turns with food or water at 0, the crew mutiny and take the active ship. | D19: Not game over. | E19: [supplies] mutiny_turns_at_zero = 3 | F19: Q-19 | G19: Chat A11 | H19: Agreed
A20: SUP-04 | B20: With a fleet | C20: If the captain owns other ships, the captain moves to one of them (the nearest — Proposed detail) and carries on. | F20: Q-19 | G20: Chat A19; Claude (nearest) | H20: Agreed
A21: SUP-04b | B21: Without a fleet | C21: If no other ship is available, the captain is demoted: a Kestrel-class ship in the same cell with mutiny_supplies food and water; coins and items kept; fear −mutiny_fear_delta. | E21: [supplies] mutiny_ship_class = Kestrel, mutiny_supplies = 10, mutiny_fear_delta = 10 | F21: Q-19 | G21: Chat A11, A19; Claude (values) | H21: Agreed
A22: SUP-04c | B22: The mutineers | C22: They keep the taken ship and become a new AI captain. | F22: Q-19 | G22: Chat A18 | H22: Agreed
A23: SUP-05 | B23: Mastery | C23: A Master of Starbour has infinite wealth, so supplies never run out. | F23: Q-37 | G23: Claude | H23: Proposed
A26: Element catalogue — read from controls_config.ini [elements]
A27: Names: real minerals, metals and gems plus mythical ones; no franchise names. Every row is one config line: name = category, effect, value, rarity. Values are placeholders.
A28: ID | B28: Name | C28: Category | D28: Effect when used | E28: Rarity / value (silver) | F28: Open Q | G28: Origin | H28: Status
A29: EL-01 | B29: Iridium | C29: Precious metal | D29: Torpedoes +4 | E29: normal · 30 | F29: Q-14, Q-20 | G29: Claude | H29: Proposed
A30: EL-02 | B30: Osmium | C30: Precious metal | D30: Phasers +0.5 | E30: normal · 40 | F30: Q-14, Q-20 | G30: Claude | H30: Proposed
A31: EL-03 | B31: Rhodium | C31: Precious metal | D31: Shields max +5 | E31: normal · 40 | F31: Q-14, Q-20 | G31: Claude | H31: Proposed
A32: EL-04 | B32: Sapphire | C32: Exotic crystal | D32: Shields max +10 | E32: normal · 60 | F32: Q-14, Q-20 | G32: Claude | H32: Proposed
A33: EL-05 | B33: Moonstone | C33: Exotic crystal | D33: Engine +0.5 | E33: normal · 60 | F33: Q-14, Q-20 | G33: Claude | H33: Proposed
A34: EL-06 | B34: Sunstone | C34: Exotic crystal | D34: Phasers +1 | E34: normal · 80 | F34: Q-14, Q-20 | G34: Claude | H34: Proposed
A35: EL-07 | B35: Antihydrogen | C35: Antimatter | D35: Warp core +0.5 | E35: normal · 100 | F35: Q-14, Q-20 | G35: Claude | H35: Proposed
A36: EL-08 | B36: Positronium | C36: Antimatter | D36: Torpedoes +10 | E36: normal · 100 | F36: Q-14, Q-20 | G36: Claude | H36: Proposed
A37: EL-09 | B37: Orichalcum | C37: Mythical (special) | D37: Shields max +25 | E37: special · 400 | F37: Q-14, Q-20 | G37: Claude | H37: Proposed
A38: EL-10 | B38: Adamantine | C38: Mythical (special) | D38: Phasers +2 | E38: special · 400 | F38: Q-14, Q-20 | G38: Claude | H38: Proposed
A39: EL-11 | B39: Aetherite | C39: Mythical (special) | D39: Warp core +1.5 | E39: special · 500 | F39: Q-14, Q-20 | G39: Claude | H39: Proposed
A40: EL-12 | B40: Star-iron | C40: Mythical (special) | D40: Engine +1.5 | E40: special · 500 | F40: Q-14, Q-20 | G40: Claude | H40: Proposed
A45: Planet class — Planet = {name, food, water, element_compounds, shields, torpedos, phasers, prezident_name}
A46: ID | B46: Attribute | C46: Type | D46: Range / meaning | E46: Notes | F46: Open Q | G46: Origin | H46: Status
A47: PL-01 | B47: name | C47: str | E47: Original names. | G47: BP r87 | H47: Agreed
A48: PL-02 | B48: food, water | C48: int | D48: Stock; regenerates +5 per turn up to a cap | F48: Q-21 | G48: BP r87; Claude | H48: Proposed
A49: PL-03 | B49: element_compounds | C49: List[Element] | D49: Stock for sale; no regeneration | F49: Q-21 | G49: BP r87; Claude | H49: Proposed
A50: PL-04 | B50: shields, torpedos, phasers | C50: as ships | D50: Planets fight with the same rules; they cannot move or escape. | F50: Q-21 | G50: BP r87; Ans Q-21 | H50: Agreed
A51: PL-05 | B51: prezident_name | C51: str | D51: Head of the planet; trade counterparty; decides to attack if the captain's respect is low. | F51: Q-21, Q-24 | G51: BP r87, r90; Ans Q-21 | H51: Agreed
A52: PL-06 | B52: disposition | C52: int −100…100 | D52: Derived from the captain's respect (14 Fear & Respect, effects table). | F52: Q-24 | G52: Chat A13; Claude | H52: Proposed
A55: Planet rules
A56: ID | B56: Rule | C56: Statement | D56: Notes | E56: Example | F56: Open Q | G56: Origin | H56: Status
A57: PR-01 | B57: Trade | C57: The captain trades items and wealth with the planet's head; buy / sell at the planet's prices. | F57: Q-14 | G57: BP r90; Ans Q-14 | H57: Agreed
A58: PR-02 | B58: Attack | C58: Planets can be attacked and can attack (e.g. a hostile president). Destroyed planet → all its resources are looted. Peace → X% to the victor (13 Combat CB-03). | F58: Q-21 | G58: Ans Q-21 | H58: Agreed
A59: PR-03 | B59: Stock regeneration | C59: Food and water regenerate; elements do not. | F59: Q-21 | G59: Claude | H59: Proposed
A60: PR-04 | B60: Reach | C60: The ship must be in the planet's cell to trade. | F60: Q-14 | G60: Claude | H60: Proposed
A61: PR-05 | B61: Disposition | C61: Planets respond to respect: below 20 they refuse trade and may attack; prices improve as respect rises; after mastery every planet trades. | F61: Q-24 | G61: Chat A13; Claude | H61: Proposed

Sheet 12 Trade & Economy
A1: 12 · Trade & economy
A2: Currencies, trading, upgrades, wealth sources and sinks
A3: =HYPERLINK("#'0 Index'!A1","↩ Index") -> ↩ Index
A5: Rules
A6: ID | B6: Rule | C6: Statement | D6: Notes | E6: Config key | F6: Open Q | G6: Origin | H6: Status
A7: TR-01 | B7: Currencies | C7: Gold and silver coins; 1 gold = 20 silver; gold is rarer. | E7: [economy] silver_per_gold = 20 | F7: Q-14 | G7: Ans Q-14 | H7: Agreed
A8: TR-02 | B8: Trade partners | C8: Other captains and planet heads. | G8: BP r90 | H8: Agreed
A9: TR-03 | B9: Tradeable things | C9: Items (food, water, elements) and coins. | G9: BP r90 | H9: Agreed
A10: TR-04 | B10: Buying | C10: Items are bought with gold / silver at a planet's prices. | F10: Q-14 | G10: Ans Q-14 | H10: Agreed
A11: TR-05 | B11: Upgrades | C11: Elements improve torpedoes, phasers, shields, engine, warp. The map (which element → which component, by how much) lives in controls_config.ini [upgrades]; the game reads it, never hard-codes it. | E11: [upgrades] * | F11: Q-14 | G11: BP r91; Chat A17 | H11: Agreed
A12: TR-06 | B12: Valuation | C12: A planet accepts a trade if what it receives is worth ≥ what it gives at list prices, adjusted by disposition (±20%). AI captains the same, ±10%. | E12: [economy] * | F12: Q-14, Q-24 | G12: Claude | H12: Proposed
A13: TR-07 | B13: Wealth sources (money in) | C13: Loot from destroyed ships / planets, peace settlements, selling items to planets. | D13: 'Wealth sources' = where money comes from. | F13: Q-14 | G13: Ans Q-14; Claude | H13: Proposed
A14: TR-08 | B14: Wealth sinks (money out) | C14: Food and water every few turns, torpedoes, elements, buying ships. Without sinks money only piles up and the endgame threshold is just a timer. | D14: 'Wealth sinks' = things you must spend on. | F14: Q-14 | G14: Claude | H14: Proposed
A15: TR-09 | B15: Respect from trade | C15: Any accepted trade → respect +; acquiring a special item → respect +. | E15: [respect] trade_accepted_delta, special_item_delta | G15: BP r102–103 | H15: Agreed
A16: TR-10 | B16: After mastery | C16: Every planet trades (and at base prices). | F16: Q-37 | G16: Ans Q-37 | H16: Agreed
A19: Upgrade map — which element improves which component
A20: Agreed as a configurable table: the structure is fixed, every number is read from controls_config.ini [upgrades]. Values here are placeholders. Caps keep every stat ≤ its max.
A21: ID | B21: Component | C21: Improving elements | D21: Effect per unit | E21: Cap | F21: Open Q | G21: Origin | H21: Status
A22: UP-01 | B22: Torpedoes | C22: Iridium +4 · Positronium +10 | D22: ammo count | E22: none | F22: Q-14 | G22: Chat A17; Claude (values) | H22: Agreed
A23: UP-02 | B23: Phasers | C23: Osmium +0.5 · Sunstone +1 · Adamantine +2 | D23: phaser power | E23: 10 | F23: Q-14 | G23: Chat A17; Claude (values) | H23: Agreed
A24: UP-03 | B24: Shields (max) | C24: Rhodium +5 · Sapphire +10 · Orichalcum +25 | D24: shield_max | E24: 100 | F24: Q-14 | G24: Chat A17; Claude (values) | H24: Agreed
A25: UP-04 | B25: Engine | C25: Moonstone +0.5 · Star-iron +1.5 | D25: engine_power | E25: 10 | F25: Q-14 | G25: Chat A17; Claude (values) | H25: Agreed
A26: UP-05 | B26: Warp core | C26: Antihydrogen +0.5 · Aetherite +1.5 | D26: warpcore_power | E26: 10 | F26: Q-14 | G26: Chat A17; Claude (values) | H26: Agreed
A29: Price list (silver) — read from controls_config.ini [prices]
A30: Structure agreed; values are placeholders configurable outside the game (Chat A17).
A31: ID | B31: Good | C31: Buy price | D31: Sell price (planet pays) | E31: Config key | F31: Open Q | G31: Origin | H31: Status
A32: PRC-01 | B32: Food (1 unit) | C32: 2 | D32: 1 | E32: [prices] food_buy, food_sell | F32: Q-14 | G32: Chat A17; Claude (values) | H32: Agreed
A33: PRC-02 | B33: Water (1 unit) | C33: 2 | D33: 1 | E33: [prices] water_buy, water_sell | F33: Q-14 | G33: Chat A17; Claude (values) | H33: Agreed
A34: PRC-03 | B34: Torpedo (1) | C34: 10 | D34: 5 | E34: [prices] torpedo_buy, torpedo_sell | F34: Q-14 | G34: Chat A17; Claude (values) | H34: Agreed
A35: PRC-04 | B35: Elements | C35: value from [elements] | D35: element_sell_pct of value (60%) | E35: [prices] element_sell_pct | F35: Q-14 | G35: Chat A17; Claude (values) | H35: Agreed
A36: PRC-05 | B36: Ship (Kestrel / Corsair) | C36: 40 gold / 120 gold | D36: — | E36: [prices] ship_<class> | F36: Q-13 | G36: Chat A17; Claude (values) | H36: Agreed

Sheet 13 Combat
A1: 13 · Combat
A2: The recommended combat model (Q-12) and the outcomes from the blueprint
A3: =HYPERLINK("#'0 Index'!A1","↩ Index") -> ↩ Index
A5: Outcomes
A6: ID | B6: Outcome | C6: Condition | D6: Transfer to winner | E6: Notes | F6: Config key | G6: Open Q | H6: Origin | I6: Status
A7: CB-01 | B7: Destroy | C7: Target's shields at 0 and it takes a hit | D7: All items and coins; torpedoes added; phasers, engine and warp = max(own, victim's), capped at 10; shields not transferred. | E7: max() rather than adding stops stats racing past 10 (your Q-12 point). | G7: Q-12 | H7: BP r106; Claude | I7: Proposed
A8: CB-02 | B8: Escape | C8: Escaper ends the movement phase outside every enemy's weapon range | D8: Nothing. | E8: Deterministic — depends on engine vs ranges and pull. | G8: Q-12 | H8: BP r107; Claude | I8: Proposed
A9: CB-03 | B9: Peace | C9: One side offers, the other accepts | D9: Victor = the side that did NOT offer. X = max(0, (V_shields − L_shields) / V_shields) × peace_loot_max; X% of the loser's items and coins go to the victor. | E9: If the victor's shields are lower, X = 0 — peace with nothing transferred. | F9: [battle] peace_loot_max = 50 | G9: Q-12, Q-21 | H9: BP r108; Ans Q-21; Chat A12 | I9: Agreed
A10: CB-04 | B10: Player loses | C10: Player's active ship destroyed | D10: — game over; start again. | G10: Q-29 | H10: Ans Q-29; Chat A10 | I10: Agreed
A13: Combat model — recommendation
A14: One exchange per turn; battle = being in weapon range. Alternatives and failure modes in the notes.
A15: ID | B15: Aspect | C15: Recommendation | D15: Why | E15: Alternative / how it fails | F15: Config key | G15: Open Q | H15: Origin | I15: Status
A16: CM-01 | B16: Starting a fight | C16: Any 'fire' order on a target not already in battle with you starts one; costs respect; asks for confirmation. | F16: [respect] start_fight_delta | G16: Q-23 | H16: BP r100; Ans Q-34 | I16: Agreed
A17: CM-02 | B17: Range | C17: Phasers 2 cells, torpedoes 5 cells (Chebyshev). Being inside any enemy's range = in battle. | D17: Gives escape a meaning without dice. | E17: [ALTERNATIVE] same-cell only — too binary with 24 × 24 sectors. | F17: [battle] phaser_range = 2, torpedo_range = 5 | G17: Q-12 | H17: Claude | I17: Proposed
A18: CM-03 | B18: Torpedoes | C18: Ammo; each fired torpedo hits with p = 0.7 − 0.03 × target engine; damage 25. | D18: Fast ships dodge. | E18: [RISK] randomness in a deterministic game — keep the seed in the RNG so replays match. | F18: [battle] torpedo_hit_base = 0.7, torpedo_evade_per_engine = 0.03, torpedo_damage = 25 | G18: Q-12 | H18: Claude | I18: Proposed
A19: CM-04 | B19: Phasers | C19: Always hit; damage = phasers × 5 × (1 − distance / 3). | D19: Reliable close-range weapon. | F19: [battle] phaser_damage_per_unit = 5 | G19: Q-12 | H19: Claude | I19: Proposed
A20: CM-05 | B20: Shields | C20: Absorb all damage; at 0 the next hit destroys (Q-03). Recharge 5 / turn outside battle and hazards. | F20: [battle] shield_recharge = 5 | G20: Q-03 | H20: Ans Q-03; Claude | I20: Proposed
A21: CM-06 | B21: Exchange order | C21: Per turn: all torpedoes resolve, then phasers, simultaneously for both sides; destruction checked after. | D21: Both sides can die in the same exchange — rare, dramatic, fair. | G21: Q-01 | H21: Claude | I21: Proposed
A22: CM-07 | B22: Rounds per turn | C22: One exchange per turn; a battle spans several turns. | D22: Gives time to escape or sue for peace — matches 'battle every 5–7 turns' pacing. | E22: [ALTERNATIVE] resolve to the end in one turn — no decisions mid-battle. | G22: Q-12 | H22: Claude | I22: Proposed
A23: CM-08 | B23: Opponent strength | C23: strength = Σ over the fleet of (shield_current + torpedoes × 25 + phasers × 5 × 3). Stronger = strength ratio > 1.0. | D23: Shields and weapons, fleet included (your Q-22). | G23: Q-22 | H23: Ans Q-22; Claude | I23: Proposed
A24: CM-09 | B24: Peace offers | C24: Either side may offer each turn; the other side's next order accepts or rejects; rejecting costs nothing. | G24: Q-12 | H24: Claude | I24: Proposed
A25: CM-10 | B25: AI behaviour | C25: Attack if strength ratio ≥ 1.3 and the target's fear < 50; offer peace when own shields < 30% and weaker; try to escape when shields < 15%. | E25: [VERIFY] in playtest — this sets how often battles happen. | F25: [ai] * | G25: Q-13, Q-24 | H25: Claude | I25: Proposed
A26: CM-11 | B26: Planets in combat | C26: Same rules; a planet cannot move or escape; destroyed planet is looted and removed. | G26: Q-21 | H26: Ans Q-21 | I26: Agreed
A27: CM-12 | B27: Fleet in combat | C27: Every ship in range fights; the player gives each ship its own orders. | G27: Q-13 | H27: Ans Q-13 | I27: Agreed
A28: CM-13 | B28: Guardians | C28: The ultimate item's sector holds guard_ships Bastion-class ships that attack on entry. | F28: [endgame] guard_ships = 4 | G28: Q-15 | H28: Ans Q-15 | I28: Agreed

Sheet 14 Fear & Respect
A1: 14 · Fear & respect
A2: Events, levels, and what the levels change in the world
A3: =HYPERLINK("#'0 Index'!A1","↩ Index") -> ↩ Index
A5: Events
A6: Levels are ints 0–100. Base deltas are config keys, scaled by the strength ratio (LV-03).
A7: ID | B7: Event | C7: Condition | D7: Fear Δ | E7: Respect Δ | F7: Config key | G7: Open Q | H7: Origin | I7: Status
A8: FR-01 | B8: Battle won | C8: Any opponent | D8: +8 | E8: — | F8: [fear] battle_won_delta = 8 | G8: Q-35 | H8: BP r94; Claude | I8: Proposed
A9: FR-02 | B9: Battle lost | C9: AI captains only (a player loss is game over) | D9: −8 | E9: — | F9: [fear] battle_lost_delta = 8 | G9: Q-29 | H9: BP r95; Ans Q-29 | I9: Agreed
A10: FR-03 | B10: Battle won vs stronger | C10: strength ratio < 1 | D10: (FR-01) | E10: +10 | F10: [respect] win_vs_stronger_delta = 10 | G10: Q-22 | H10: BP r98; Claude | I10: Proposed
A11: FR-04 | B11: Battle won vs weaker who offered peace | C11: ratio > 1 and the loser offered peace | D11: (FR-01) | E11: −8 | F11: [respect] win_vs_weaker_peace_delta = 8 | G11: Q-22 | H11: BP r99; Claude | I11: Proposed
A12: FR-05 | B12: Battle won vs weaker, player started it | C12: ratio > 1 and the player fired first | D12: (FR-01) | E12: −8 | F12: [respect] win_vs_weaker_started_delta = 8 | G12: Q-23 | H12: BP r99; Claude | I12: Proposed
A13: FR-06 | B13: Starting a fight | C13: Player fires first | D13: — | E13: −5 | F13: [respect] start_fight_delta = 5 | G13: Q-23 | H13: BP r100; Claude | I13: Proposed
A14: FR-07 | B14: Trade accepted | C14: Any accepted trade | D14: — | E14: +3 | F14: [respect] trade_accepted_delta = 3 | G14: Q-35 | H14: BP r102; Claude | I14: Proposed
A15: FR-08 | B15: Special item acquired | C15: Special category | D15: — | E15: +6 | F15: [respect] special_item_delta = 6 | G15: Q-35 | H15: BP r103; Claude | I15: Proposed
A16: FR-09 | B16: Stacking | C16: FR-05 and FR-06 both apply when the player starts and wins against a weaker opponent. | G16: Q-23 | H16: Ans Q-23 | I16: Agreed
A17: FR-10 | B17: No extra events, no decay | C17: Losing to a weaker opponent, mercy, escaping: no effect. Levels do not drift. | G17: Q-36 | H17: Ans Q-36 | I17: Agreed
A21: Level mechanics
A22: ID | B22: Aspect | C22: Current thinking | D22: Example | E22: Edge cases | F22: Config key | G22: Open Q | H22: Origin | I22: Status
A23: LV-01 | B23: Range | C23: int 0–100 for both. | G23: Q-15 | H23: Ans Q-15 | I23: Agreed
A24: LV-02 | B24: Starting values | C24: 10 and 10. | F24: [fear] start = 10, [respect] start = 10 | G24: Q-35 | H24: Claude | I24: Proposed
A25: LV-03 | B25: Scaling | C25: delta × clamp(strength ratio of the opponent vs you, 0.5, 2.0) — beating a much stronger fleet counts double. | F25: [reputation] scale_min = 0.5, scale_max = 2.0 | G25: Q-22 | H25: BP r111; Claude | I25: Proposed
A26: LV-04 | B26: Visibility | C26: Other captains' levels are visible when in the same sector (via scan). | G26: Q-36 | H26: Ans Q-36 | I26: Agreed
A27: LV-05 | B27: Tuning | C27: All deltas are placeholders. No target turn count — tune by playtest until the game feels right. | G27: Q-35 | H27: Chat A15 | I27: Agreed
A30: Effects in the world
A31: Split agreed (Chat A13): FEAR acts on ships — AI captains yield. RESPECT acts on planets — they comply. Thresholds are placeholders.
A32: ID | B32: Who | C32: Fear effect | D32: Respect effect | E32: Notes | F32: Config key | G32: Open Q | H32: Origin | I32: Status
A33: EF-00 | B33: The split | C33: Fear → ships yield. | D33: Respect → planets comply. | G33: Q-24 | H33: Chat A13 | I33: Agreed
A34: EF-01 | B34: AI captains — attacking | C34: Attack the player only if the player's fear < attack_fear_max, or they are ≥ attack_ratio_min stronger. | D34: — | F34: [ai] attack_fear_max = 50, attack_ratio_min = 1.3 | G34: Q-24 | H34: Claude | I34: Proposed
A35: EF-02 | B35: AI captains — yielding | C35: Offer peace earlier as fear rises (shield threshold 30% at fear 0 → 60% at fear 100); at fear ≥ yield_fear_min a weaker captain surrenders the ship outright when its shields drop below 20%. | D35: Accept the player's peace offers more readily as respect rises. | E35: Surrender = the player gains the ship (FL-02). | F35: [ai] yield_fear_min = 80 | G35: Q-24 | H35: Claude | I35: Proposed
A36: EF-03 | B36: AI captains — trade | C36: — | D36: Accept trades at slightly worse terms for themselves as respect rises (±10%). | E36: Minor; delete if you want respect to be planets-only. | F36: [economy] respect_price_band = 10 | G36: Q-24 | H36: Claude | I36: Proposed
A37: EF-04 | B37: Planets — trade | C37: — | D37: Refuse trade below planet_refuse_respect; prices improve up to planet_price_band % at respect 100. | F37: [economy] planet_refuse_respect = 20, planet_price_band = 20 | G37: Q-24 | H37: Chat A13; Claude | I37: Proposed
A38: EF-05 | B38: Planets — attacking | C38: — | D38: May attack if respect < planet_attack_respect_max and they are stronger. | F38: [ai] planet_attack_respect_max = 20 | G38: Q-24 | H38: Claude | I38: Proposed
A39: EF-06 | B39: After mastery | C39: Both at 100: every ship yields; every planet trades. | G39: Q-37 | H39: Ans Q-37 | I39: Agreed

Sheet 15 Config Keys
A1: 15 · controls_config.ini
A2: Every tunable, one row per key. Proposed defaults are Claude's; the build kit generates the .ini from this tab.
A3: =HYPERLINK("#'0 Index'!A1","↩ Index") -> ↩ Index
A5: Keys
A6: Structure agreed; every numeric value is a placeholder you can change outside the game (Chat A17). [upgrades], [prices] and [elements] are data sections the game reads, never hard-codes.
A7: ID | B7: Section | C7: Key | D7: Type | E7: Default | F7: Unit / range | G7: Meaning | H7: Used by | I7: Open Q | J7: Origin | K7: Status
A8: CFG-01 | B8: [fear] | C8: battle_won_delta | D8: int | E8: 8 | G8: Fear gained for a battle won. | H8: FR-01 | I8: Q-35 | J8: Claude | K8: Proposed
A9: CFG-02 | B9: [fear] | C9: battle_lost_delta | D9: int | E9: 8 | G9: Fear lost for a battle lost (AI only). | H9: FR-02 | I9: Q-29 | J9: Claude | K9: Proposed
A10: CFG-03 | B10: [fear] | C10: start | D10: int | E10: 10 | F10: 0–100 | G10: Starting fear. | H10: LV-02 | I10: Q-35 | J10: Claude | K10: Proposed
A11: CFG-04 | B11: [respect] | C11: win_vs_stronger_delta | D11: int | E11: 10 | G11: Respect gained for beating a stronger opponent. | H11: FR-03 | I11: Q-22 | J11: Claude | K11: Proposed
A12: CFG-05 | B12: [respect] | C12: win_vs_weaker_peace_delta | D12: int | E12: 8 | G12: Respect lost for beating a weaker opponent who offered peace. | H12: FR-04 | I12: Q-22 | J12: Claude | K12: Proposed
A13: CFG-06 | B13: [respect] | C13: win_vs_weaker_started_delta | D13: int | E13: 8 | G13: Respect lost for beating a weaker opponent in a fight you started. | H13: FR-05 | I13: Q-23 | J13: Claude | K13: Proposed
A14: CFG-07 | B14: [respect] | C14: start_fight_delta | D14: int | E14: 5 | G14: Respect lost for starting any fight. | H14: FR-06 | I14: Q-23 | J14: Claude | K14: Proposed
A15: CFG-08 | B15: [respect] | C15: trade_accepted_delta | D15: int | E15: 3 | G15: Respect gained per accepted trade. | H15: FR-07 | I15: Q-35 | J15: Claude | K15: Proposed
A16: CFG-09 | B16: [respect] | C16: special_item_delta | D16: int | E16: 6 | G16: Respect gained per special item. | H16: FR-08 | I16: Q-35 | J16: Claude | K16: Proposed
A17: CFG-10 | B17: [respect] | C17: start | D17: int | E17: 10 | F17: 0–100 | G17: Starting respect. | H17: LV-02 | I17: Q-35 | J17: Claude | K17: Proposed
A18: CFG-11 | B18: [reputation] | C18: scale_min, scale_max | D18: float | E18: 0.5, 2.0 | G18: Clamp on the strength-ratio multiplier. | H18: LV-03 | I18: Q-22 | J18: Claude | K18: Proposed
A19: CFG-12 | B19: [stellar] | C19: temp_scale | D19: float | E19: 2700 | F19: K | G19: temperature = temp_scale × energy^0.25. | H19: DQ-03 | I19: Q-10 | J19: Claude | K19: Proposed
A20: CFG-13 | B20: [stellar] | C20: energy_low_max | D20: float | E20: 5 | G20: Energy below this = low bucket. | H20: EB-01 | I20: Q-10 | J20: Claude | K20: Proposed
A21: CFG-14 | B21: [stellar] | C21: energy_medium_max | D21: float | E21: 100 | G21: Energy below this = medium; above = high. | H21: EB-02 | I21: Q-10 | J21: Claude | K21: Proposed
A22: CFG-15 | B22: [stellar] | C22: colour_thresholds | D22: list | E22: 3700,5200,6000,7500,10000,30000 | F22: K | G22: red | orange | yellow | yellow-white | white | blue-white | blue. | H22: DQ-04, SYM-04 | I22: Q-10 | J22: Claude | K22: Proposed
A23: CFG-16 | B23: [stellar] | C23: blackhole_mass | D23: float | E23: 20 | G23: Pull at distance d = k_g × mass / (1 + d)^falloff. | H23: HZ-04 | I23: Q-02 | J23: Claude | K23: Proposed
A24: CFG-17 | B24: [stellar] | C24: neutron_mass | D24: float | E24: 8 | G24: As above, weaker. | H24: HZ-06 | I24: Q-09 | J24: Claude | K24: Proposed
A25: CFG-18 | B25: [hazards] | C25: k_g | D25: float | E25: 1 | G25: Gravity constant. | H25: DQ-05 | I25: Q-02 | J25: Claude | K25: Proposed
A26: CFG-19 | B26: [hazards] | C26: falloff | D26: float | E26: 1.5 | G26: Pull falloff exponent with distance. | H26: DQ-05 | I26: Q-02 | J26: Claude | K26: Proposed
A27: CFG-20 | B27: [hazards] | C27: pull_turns_scale | D27: int | E27: 7 | F27: turns | G27: Turns until pulled in = ceil(scale / pull). Sun-like star = 7. | H27: HZ-02 | I27: Q-02 | J27: Ans Q-02 | K27: Agreed
A28: CFG-21 | B28: [hazards] | C28: drain_low, drain_medium, drain_high | D28: int | E28: 5, 10, 20 | F28: shield / turn | G28: Shield drain in a star's cell by bucket. | H28: HZ-03 | I28: Q-03 | J28: Claude | K28: Proposed
A29: CFG-22 | B29: [movement] | C29: impulse_max, warp_max | D29: float | E29: 10 | G29: Upper bound for engine and warp core. | H29: SH-04, SH-05 | I29: Q-02 | J29: Ans Q-02 | K29: Agreed
A30: CFG-23 | B30: [movement] | C30: warp_curve_base, warp_curve_exponent | D30: float | E30: 16, 4 | G30: reach = w × base^((w/10)^exponent); w = 10 → anywhere. | H30: MV-02 | I30: Q-02 | J30: Claude | K30: Proposed
A31: CFG-24 | B31: [battle] | C31: phaser_range, torpedo_range | D31: int | E31: 2, 5 | F31: cells | G31: Weapon ranges. | H31: CM-02 | I31: Q-12 | J31: Claude | K31: Proposed
A32: CFG-25 | B32: [battle] | C32: torpedo_hit_base, torpedo_evade_per_engine, torpedo_damage | D32: float | E32: 0.7, 0.03, 25 | G32: Torpedo hit chance and damage. | H32: CM-03 | I32: Q-12 | J32: Claude | K32: Proposed
A33: CFG-26 | B33: [battle] | C33: phaser_damage_per_unit | D33: float | E33: 5 | G33: Phaser damage per power unit at distance 0. | H33: CM-04 | I33: Q-12 | J33: Claude | K33: Proposed
A34: CFG-27 | B34: [battle] | C34: shield_recharge | D34: int | E34: 5 | F34: / turn | G34: Recharge outside battle and hazards. | H34: CM-05 | I34: Q-03 | J34: Claude | K34: Proposed
A35: CFG-28 | B35: [battle] | C35: peace_loot_max | D35: int | E35: 50 | F35: % | G35: Max share transferred on peace. | H35: CB-03 | I35: Q-12 | J35: Claude | K35: Proposed
A36: CFG-29 | B36: [ai] | C36: attack_ratio_min, attack_fear_max | D36: float | E36: 1.3, 50 | G36: When AI captains attack. | H36: CM-10, EF-01 | I36: Q-24 | J36: Claude | K36: Proposed
A37: CFG-30 | B37: [ai] | C37: peace_shield_pct, escape_shield_pct | D37: int | E37: 30, 15 | F37: % | G37: When AI offers peace / tries to escape. | H37: CM-10 | I37: Q-24 | J37: Claude | K37: Proposed
A38: CFG-31 | B38: [ai] | C38: planet_attack_respect_max | D38: int | E38: 20 | G38: Planets may attack below this respect. | H38: EF-05 | I38: Q-24 | J38: Claude | K38: Proposed
A39: CFG-32 | B39: [economy] | C39: silver_per_gold | D39: int | E39: 20 | G39: 1 gold = 20 silver. | H39: TR-01 | I39: Q-14 | J39: Ans Q-14 | K39: Agreed
A40: CFG-33 | B40: [upgrades] | C40: torpedoes | D40: list | E40: iridium:4, positronium:10 | F40: ammo | G40: Elements that add torpedoes, and how many. | H40: UP-01 | I40: Q-14 | J40: Chat A17; Claude (values) | K40: Agreed
A41: CFG-34 | B41: [upgrades] | C41: phasers | D41: list | E41: osmium:0.5, sunstone:1, adamantine:2 | F41: power | G41: Elements that raise phaser power (cap 10). | H41: UP-02 | I41: Q-14 | J41: Chat A17; Claude (values) | K41: Agreed
A42: CFG-35 | B42: [upgrades] | C42: shields | D42: list | E42: rhodium:5, sapphire:10, orichalcum:25 | F42: shield_max | G42: Elements that raise max shields (cap 100). | H42: UP-03 | I42: Q-14 | J42: Chat A17; Claude (values) | K42: Agreed
A43: CFG-36 | B43: [upgrades] | C43: engine | D43: list | E43: moonstone:0.5, star_iron:1.5 | F43: power | G43: Elements that raise engine power (cap 10). | H43: UP-04 | I43: Q-14 | J43: Chat A17; Claude (values) | K43: Agreed
A44: CFG-37 | B44: [upgrades] | C44: warp | D44: list | E44: antihydrogen:0.5, aetherite:1.5 | F44: power | G44: Elements that raise warp core power (cap 10). | H44: UP-05 | I44: Q-14 | J44: Chat A17; Claude (values) | K44: Agreed
A45: CFG-38 | B45: [prices] | C45: food_buy, food_sell, water_buy, water_sell | D45: int | E45: 2, 1, 2, 1 | F45: silver | G45: Planet prices for supplies. | H45: PRC-01, PRC-02 | I45: Q-14 | J45: Chat A17; Claude (values) | K45: Agreed
A46: CFG-39 | B46: [prices] | C46: torpedo_buy, torpedo_sell | D46: int | E46: 10, 5 | F46: silver | G46: Planet prices for torpedoes. | H46: PRC-03 | I46: Q-14 | J46: Chat A17; Claude (values) | K46: Agreed
A47: CFG-40 | B47: [prices] | C47: element_sell_pct | D47: int | E47: 60 | F47: % | G47: What a planet pays for an element, as % of its value. | H47: PRC-04 | I47: Q-14 | J47: Chat A17; Claude (values) | K47: Agreed
A48: CFG-41 | B48: [prices] | C48: ship_kestrel, ship_corsair | D48: int | E48: 40, 120 | F48: gold | G48: Ship purchase prices. | H48: PRC-05 | I48: Q-13 | J48: Chat A17; Claude (values) | K48: Agreed
A49: CFG-42 | B49: [elements] | C49: <name> = category, value, rarity | D49: list | E49: see tab 11 | G49: One line per element in the catalogue; the game never hard-codes elements. | H49: EL-01…12 | I49: Q-14, Q-20 | J49: Chat A17; Claude (values) | K49: Agreed
A50: CFG-43 | B50: [economy] | C50: planet_refuse_respect, planet_price_band, respect_price_band | D50: int | E50: 20, 20, 10 | F50: % | G50: Trade effects of respect. | H50: EF-03, EF-04 | I50: Q-24 | J50: Claude | K50: Proposed
A51: CFG-44 | B51: [ai] | C51: yield_fear_min | D51: int | E51: 80 | G51: Fear at which weaker AI captains surrender their ship. | H51: EF-02 | I51: Q-24 | J51: Claude | K51: Proposed
A52: CFG-45 | B52: [supplies] | C52: food_start, water_start | D52: int | E52: 30, 30 | G52: Starting supplies; −1 each per turn. | H52: CP-07 | I52: Q-19 | J52: Claude | K52: Proposed
A53: CFG-46 | B53: [supplies] | C53: warn_turns | D53: int | E53: 5 | F53: turns | G53: Warn when food or water is at or below this. | H53: SUP-02 | I53: Q-19 | J53: Claude | K53: Proposed
A54: CFG-47 | B54: [supplies] | C54: mutiny_turns_at_zero | D54: int | E54: 3 | F54: turns | G54: Consecutive turns at 0 before the crew mutiny. | H54: SUP-03 | I54: Q-19 | J54: Claude | K54: Proposed
A55: CFG-48 | B55: [supplies] | C55: mutiny_ship_class, mutiny_supplies, mutiny_fear_delta | D55: mixed | E55: Kestrel, 10, 10 | G55: What the demoted captain gets, and the fear hit. | H55: SUP-04 | I55: Q-19 | J55: Claude | K55: Proposed
A56: CFG-49 | B56: [endgame] | C56: respect_min, fear_min | D56: int | E56: 90, 90 | G56: Eligibility thresholds. | H56: EG-02, EG-03 | I56: Q-15 | J56: Ans Q-15 | K56: Agreed
A57: CFG-50 | B57: [endgame] | C57: wealth_min_silver | D57: int | E57: 2000 | F57: silver-equiv. | G57: Eligibility wealth threshold. | H57: EG-01 | I57: Q-15 | J57: Claude | K57: Proposed
A58: CFG-51 | B58: [endgame] | C58: required_special_categories | D58: int | E58: 3 | G58: Special items needed (one per category). | H58: EG-04 | I58: Q-15 | J58: Claude | K58: Proposed
A59: CFG-52 | B59: [endgame] | C59: guard_ships | D59: int | E59: 4 | G59: Guardians at the ultimate item. | H59: EG-06, CM-13 | I59: Q-15 | J59: Claude | K59: Proposed
A60: CFG-53 | B60: [world] | C60: seed | D60: int | E60: random | G60: World-generation seed; shown on T4 so a run can be repeated. | H60: SP-01 | I60: Q-08 | J60: Claude | K60: Proposed
A61: CFG-54 | B61: [world] | C61: universe_size, galaxy_size, sector_size | D61: M×N | E61: 8×8, 16×16, 24×24 | F61: cells | G61: Grid dimensions. | H61: VW-01…03 | I61: Q-05 | J61: Claude | K61: Proposed
A62: CFG-55 | B62: [world] | C62: fog_of_war | D62: bool | E62: on | G62: On: sector contents hidden until visited / scanned. | H62: GRD-04 | I62: Q-30 | J62: Ans Q-30 | K62: Agreed
A63: CFG-56 | B63: [world] | C63: special_items_per_galaxy, normal_items_per_galaxy | D63: int | E63: 10, 100 | G63: Item density. | H63: SP-03 | I63: Q-07 | J63: Ans Q-07 | K63: Agreed
A64: CFG-57 | B64: [world] | C64: ai_captains_per_galaxy | D64: int | E64: 3 | G64: AI captains generated per galaxy. | H64: SP-06 | I64: Q-13 | J64: Claude | K64: Proposed
A65: CFG-58 | B65: [world] | C65: safe_start | D65: bool | E65: true | G65: Start sector has a planet and no hole. | H65: SP-05 | I65: Q-08 | J65: Claude | K65: Proposed
A66: CFG-59 | B66: [bus] | C66: pub_port, pull_port | D66: int | E66: 5555, 5556 | G66: ZeroMQ localhost ports. | H66: BUS-03 | I66: Q-18 | J66: Ans Q-18 | K66: Agreed
A67: CFG-60 | B67: [ui] | C67: log_lines | D67: int | E67: 500 | G67: T3 scrollback. | H67: OB-02 | I67: Q-31 | J67: Claude | K67: Proposed

Sheet 16 Open Questions
A1: 16 · Open questions
A2: Your answers (column F, verbatim) and how each was folded in (column G). Agreed = done; Needs detail = a follow-up question is in chat.
A3: =HYPERLINK("#'0 Index'!A1","↩ Index") -> ↩ Index
A5: ID | B5: Area | C5: Question (short) | D5: Options offered | E5: Your answer (verbatim) | F5: Resolution — where it went | G5: Status
A6: Q-01 | B6: Turns | C6: How do orders resolve; immediate vs queued; conflicting orders? | D6: A) Simultaneous, fixed phase order [ASSUMED] B) Sequential | E6: player just executes a turn. So your option A I think works. | F6: A agreed → OV-02, TP-01…08. Immediate / queued split and 'same-kind order replaces' are Proposed (OV-02b). | G6: Agreed
A7: Q-02 | B7: Movement & hazards | C7: Impulse → cells? Warp → reach? Countdown reset? Fatal? | D7: Countdown: A) resets on leaving [ASSUMED] B) persists | E7: lets say impulse of 1 gives 1 sector cell at a time, impulse of 2 gives 2 sector cells at a time. With warp 1, one galaxy cell at a time, then 2 at a time for warp 2. note: these are float values so we can have e.g. warp 9.2 potentially, so will need to be calculated exponentially as such since warp 10 can be anywhere in the universe in one turn. 9.99999 is very fast and can do many turns at once but no where near warp 10. the grids will need to be somewhat big i think. the gravitational pull factor will net against the speed. you will need to come up with calculations to begin with i feel, and maybe put them in this spreadsheet. Falling into a star is fatal, shields get drained, and if they dont escape and impulse or warp out in time, they will get destroyed. Same with a black hole (but less time to move and need much more engine power, a ship may have not enough power to enter in a black hole sector and escape | F7: Folded into MV-01…03, HZ-02/04/08/10, DQ-05 + calculators on 8 Hazards and 9 Ships. Fractional impulse = floor (chat A9). | G7: Agreed
A8: Q-03 | B8: Shield drain | C8: Drain per turn? What at 0 shields? | E8: with 0 shields, they get destroyed with one hit I imagine. Drain per turn, we should come up with a config of numbers that we can set in the config ini | F8: HZ-09, SH-07, CM-05; drain numbers Proposed in HZ-03 / CFG. | G8: Agreed
A9: Q-04 | B9: Grid storage | C9: Dense or sparse? | D9: A) Dense [ASSUMED] B) Sparse | E9: I would say sparse. Every sector here and there may have items to acquire by the ship, exotic and special items even rare | F9: Sparse → WG-00. | G9: Agreed
A10: Q-05 | B10: Grid sizes & coordinates | C10: M × N per level? Coordinate format? | E10: so in the grid terminal we can switch between views: current sector, current galaxy, universe. Ill let you figure out dimensions, but this should be configurable | F10: Sizes Proposed and configurable (VW-01…03, CFG). Coordinates Proposed (GRD-01). | G10: Agreed
A11: Q-06 | B11: Cell occupancy | C11: Several things per cell? Binary systems? | D11: A) One terrain object + ships [ASSUMED] B) Composite | E11: one star per cell (not in one cell) they can be close are far apart in the sector. Items can be in the same cell, along with ships. Just the stars need to be in separate cells | F11: One terrain object per cell; items and ships share → WG-03, SP-02, SYM-13/14. | G11: Agreed
A12: Q-07 | B12: Special items | C12: Types? Rarity? Respawn? Pickup? | E12: special items have to be picked up by choice i.e. you enter a sector cell with a special item, you use scanners to detect what it is, then a choice to pick it up. Types ill let you come up with by looking at star trek and star wars types of material. Yes special items are rare, id say in the whole galaxy there are probably 10 special items, and in the whole galaxy 100 normal items | F12: Scan → choose → pickup (CMD-14/15, IT-04); 10 special / 100 normal per galaxy (SP-03); types Proposed (EL-01…12). | G12: Agreed
A13: Q-08 | B13: World generation | C13: Seeded? Density? Safe start? | D13: A) Seeded, safe start [ASSUMED] B) Fixed map | E13: Seeded | F13: Seeded → SP-01. Safe start Proposed (SP-05). | G13: Agreed
A14: Q-09 | B14: Neutron star | C14: Attributes and behaviour? | E14: like a black hole but less gravitational pull | F14: Black-hole-like, weaker → ST-02, HZ-06, calculator. | G14: Agreed
A15: Q-10 | B15: Physics | C15: Radius or volume? f, g, h? Thresholds? | E15: Energy by volume (volume determined by radius). You determine the thresholds which can be configurable | F15: Volume → DQ-01/02. temp_scale, thresholds, colours Proposed with a live calculator on 7 Stellar. | G15: Agreed
A16: Q-11 | B16: Wormholes | C16: Fixed pairs? Same galaxy? Survivable? | E16: fixed pairs set at seeding! Can end up in same galaxy or different galaxy. Ship can survive when it crosses through. | F16: Fixed pairs at seeding, any galaxy, survivable → ST-04, HZ-05. | G16: Agreed
A17: Q-12 | B17: Combat model | C17: Range, weapons, destruction, rounds, loot, peace X%? | E17: come up with a solid recommendation here please | F17: Full recommendation on 13 Combat (CM-01…13, CB-01…03), all Proposed. Peace formula → chat question 4. | G17: Agreed
A18: Q-13 | B18: Fleet & AI | C18: Inactive ships? Limit? AI captains? Fleet battles? | E18: yes multiple ships can be in play in a battle, there can be a fleet. No limit I reckon, if multiple ships engage they they all engage in the same battle rules. Hope that is clear - let me know if not | F18: No limit; fleets fight as one → OV-08, FL-05, CM-12. Inactive-ship and AI-count defaults Proposed (FL-03, SP-06). | G18: Agreed
A19: Q-14 | B19: Economy | C19: Gold / silver? Prices? Sinks? Upgrade map? Items per captain or ship? | E19: you can buy items with gold/silver. One gold coin is worth 20 silver coins. So gold is rarer than silver. Items are per captain. What do you mean by wealth sinks? Upgrade map? | F19: 1 gold = 20 silver; buy items; items per captain → TR-01/04, SH-10, CP-04. Upgrade map, prices and the element catalogue are config sections (chat A17) → tab 12, CFG [upgrades] [prices] [elements]. | G19: Agreed
A20: Q-15 | B20: Endgame thresholds | C20: Thresholds; required items; the ultimate item? | E20: respect levels and fear levels are int. when reached to e.g. 90% on both, and enough gold and silver (you determine what values) then they are eligible to find the ultimate secret item which will be guardedi in a sector in a galaxy surrounded by ships which need to be battled. the location of the ultimate secret item can be set somewhere far from current location. | F20: Ints, 90 thresholds, wealth threshold Proposed, guarded far-away sector → EG-01…06, SP-08, CM-13. | G20: Agreed
A21: Q-16 | B21: Win / lose | C21: Does the game end? Lose condition? | E21: Answered 2026-10-25. WIN: the game does not end; becoming Master of Starbour triggers a celebration and ceremony, then play carries on (D-07). LOSE: losing a battle loses the game and the player starts again (D-09). Definition of 'losing' → Q-29. | F21: Closed earlier (D-07, D-09). | G21: Agreed
A22: Q-17 | B22: Grid zoom | C22: 'view' command, auto-follow, both? | D22: A) Auto-follow + 'view' override [ASSUMED] | E22: Agreed | F22: A → GRD-02, CMD-05. | G22: Agreed
A23: Q-18 | B23: Bus & engine | C23: IPC? Separate engine process? | D23: A) Engine process + ZeroMQ [ASSUMED] B) In-process queues | E23: Agreed | F23: A → BUS-03/04, T0. | G23: Agreed
A24: Q-19 | B24: Food & water | C24: What are they for? | E24: yes crew and captain consumption which is depleted every turn -1, so its important for the captain to purchase food and water when possible | F24: −1 per turn, buy from planets → IT-01/02, CP-07. At 0: mutiny (A11); move to another owned ship if any, else demotion (A19); mutineers become an AI captain (A18) → SUP-01…05, OUT-18. | G24: Agreed
A25: Q-20 | B25: Crystal naming | C25: Original name for the powerful crystal? | E25: use real crystal names and mythical crystal names | F25: Real + mythical names → EL-01…12 Proposed. | G25: Agreed
A26: Q-21 | B26: Planets | C26: Attackable? Conquest? Regeneration? | E26: yes planets can be attacked and vice versa, e.g. if a planet prezident does not like the captain, or if the captain gets greedy or has good reason to battle, if a planet gets destroyed in battle then can take all resources, or a peace would ensure x% goes to the victor (i.e. the one who does not sought for peace) - hope there is no contradiction here, perhaps you can come up with a better suggestion otherwise | F26: Attackable both ways; destroyed = looted; peace X% to the side that did not sue → PR-02, CM-11, CB-03 (formula agreed, chat A12). | G26: Agreed
A27: Q-22 | B27: Opponent strength | C27: How is stronger / weaker computed? | E27: stronger / weaker is determined by shields and weapons strength, fleet included yes since they act as one unit against the other | F27: Shields + weapons, fleet included → CM-08 (formula Proposed). | G27: Agreed
A28: Q-23 | B28: Respect stacking | C28: Do FR-05 and FR-06 both apply? | D28: A) Both B) Larger only | E28: option A | F28: A → FR-09. | G28: Agreed
A29: Q-24 | B29: Effects of fear & respect | C29: What do the levels change? | E29: all changes I imagine. Challenge me here and be clear what youre asking | F29: Split agreed in chat (A13): fear → ships yield, respect → planets comply → EF-00…06 (thresholds Proposed). | G29: Agreed
A30: Q-25 | B30: Fourth terminal | C30: Three or four terminals? | E30: What is the purpose of the permanent status? Makes sense to show this, agreed | F30: T4 Status agreed → 5b T4 Status tab, T4 row. | G30: Agreed
A31: Q-26 | B31: 'Starbour' | C31: Universe name, title, or both? | D31: A) Universe + title [ASSUMED] B) Title only | E31: no Starbour is a play on words of Harbour / Starshp. Master of Starbour means they win the ultimate secret item (need to come up with a good name like Crystal of Starbour or something like that, which will give the ultimate levels of weapons, shields, engine, warp, etc.) | F31: Pun, not a place; title comes with the ultimate item → OV-13; names Proposed (EG-05). | G31: Agreed
A32: Q-27 | B32: Licence | C32: Which licence for the public repo? | E32: No license, perhaps we create one | F32: MIT — you asked Claude to choose (chat A20) → BR-04, D-50. | G32: Agreed
A33: Q-28 | B33: Packaging | C33: PyInstaller mode, installer, signing, CI, file locations? | D33: A) One-folder zip on GitHub Releases, unsigned, config next to exe [ASSUMED] | E33: option A | F33: A → BR-14…20. | G33: Agreed
A34: Q-29 | B34: What counts as losing | C34: Destroyed only? Escape / peace? Active or last ship? New seed? Reload? | D34: A) Active ship destroyed; new seed; no reload [ASSUMED] B) Last ship C) Any defeat | E34: only when ship is destroyed game is over. | F34: Destroyed only; the active ship (chat A10) → OV-09b, CB-04, FL-04. | G34: Agreed
A35: Q-30 | B35: Fog of war | C35: Visible from the start or revealed? | D35: A) Sector hidden until visited [ASSUMED] B) All visible C) All hidden | E35: could we have an option which is configurable to do A or B? | F35: Configurable A / B → GRD-04, CFG fog_of_war. | G35: Agreed
A36: Q-31 | B36: Refresh model | C36: Live or once per turn? | D36: A) Once per turn.resolved [ASSUMED] B) Live | E36: Resolved oncer per turn resolved | F36: Once per turn → BUS-05, GRD-06. | G36: Agreed
A37: Q-32 | B37: Launcher lifecycle | C37: Who opens / closes the terminals? | D37: A) Launcher owns children [ASSUMED] | E37: option A | F37: A → TL, BUS-06. | G37: Agreed
A38: Q-33 | B38: Save / load | C38: Slots? Autosave? Reload after loss? | D38: A) Autosave, one slot, deleted on game over [ASSUMED] B) Manual | E38: option A | F38: A → OV-12, OV-09c, CMD-19. | G38: Agreed
A39: Q-34 | B39: Errors & confirmations | C39: Where do errors appear? What confirms? | D39: A) Inline on T1 + T3 echo; confirm fights and quit [ASSUMED] | E39: option A | F39: A → UX-03/04, OUT-13. | G39: Agreed
A40: Q-35 | B40: Pacing | C40: Turns to mastery? Battle frequency? | E40: Battle can happen on average say 5-7 turns, can be longer or shorter. Mastery is achieved once the ultimate secret item is obtained, that could take a long time, e.g. 100 turns maybe longer, maybe a bit shorter say 70 turns | F40: Rough feel only — no fixed turn counts (chat A15). All numbers are placeholders tuned by playtest → OV-11, LV-05. | G40: Agreed
A41: Q-36 | B41: Fear & respect — extra events | C41: Mercy, escape, decay, visibility? | D41: A) None extra, no decay, visible in sector [ASSUMED] | E41: option A | F41: A → FR-10, LV-04. | G41: Agreed
A42: Q-37 | B42: Mastery ceremony | C42: What does it look like? What changes after? | E42: something fancy with nice terminal graphics of fireworks and big smart art words. Nothing changes afterwards except respect and fear are maximum levels along with weapons, shields, etc. Remember ships and planets will be more compliant with these levels so nothing really changes - hope that makes sense | F42: Fireworks + ASCII title; nothing else changes → OUT-15, EG-08, EF-06. | G42: Agreed

Sheet 17 Decisions
A1: 17 · Decisions
A2: Settled decisions only. Exported to DECISIONS.md when the build kit is produced.
A3: =HYPERLINK("#'0 Index'!A1","↩ Index") -> ↩ Index
A5: ID | B5: Date | C5: Decision | D5: Rationale / source | E5: Ref | F5: Status
A6: D-01 | B6: 2026-10-25 | C6: Python 3.12, shipped as a Windows 10/11 executable. | D6: Project fixed facts. | F6: Agreed
A7: D-02 | B7: 2026-10-25 | C7: One command terminal plus output terminals over a local message bus; one process per terminal, threads within. | D7: BP r15–21; Project. | E7: BUS-01, BUS-02 | F7: Agreed
A8: D-03 | B8: 2026-10-25 | C8: All names are original; no franchise lore. | D8: Project instructions. | E8: Q-20 | F8: Agreed
A9: D-04 | B9: 2026-10-25 | C9: The game is called Master of Starbour. | D9: Chat A1. | E9: BR-01 | F9: Agreed
A10: D-05 | B10: 2026-10-25 | C10: Repository git@github.com:selphaware/master-of-starbour.git — public; source code and installable package. | D10: Chat A2–A3. | E10: BR-02, BR-03 | F10: Agreed
A11: D-06 | B11: 2026-10-25 | C11: Delivered as a downloadable executable package for Windows. | D11: Chat A3. | E11: BR-13 | F11: Agreed
A12: D-07 | B12: 2026-10-25 | C12: The game never ends on success: mastery triggers a celebration and ceremony, then play carries on. | D12: Chat A4. | E12: OV-09 | F12: Agreed
A13: D-08 | B13: 2026-10-25 | C13: Dev environment: root E:\CODE\master-of-starbour; venv MOS; python E:\CODE\master-of-starbour\MOS\Scripts\python.exe. | D13: Chat A5–A6. | E13: BR-06…08 | F13: Agreed
A14: D-09 | B14: 2026-10-25 | C14: Losing a battle loses the game; the player starts again. | D14: Chat A6. | E14: OV-09b | F14: Agreed
A15: D-10 | B15: 2026-10-25 | C15: The repo is public; git operations over SSH. | D15: Chat A7. | E15: BR-23 | F15: Agreed
A16: D-11 | B16: 2026-10-25 | C16: The game is colourful: every terminal uses colour throughout. | D16: Chat A8. | E16: OV-01, UX-08 | F16: Agreed
A17: D-12 | B17: 2026-10-25 | C17: Turns resolve simultaneously for all captains in the fixed phase order TP-01…08. | D17: Ans Q-01. | E17: OV-02 | F17: Agreed
A18: D-13 | B18: 2026-10-25 | C18: Impulse 1 = 1 sector cell per turn, linear; warp reach grows exponentially with the factor; warp 10 = anywhere; gravity pull nets against speed. | D18: Ans Q-02. | E18: MV-01…03 | F18: Agreed
... A58: D-53 | B58: 2026-10-25 | C58: The upgrade map, the price list and the element catalogue are configuration read from controls_config.ini ([upgrades], [prices], [elements]); values are Claude's placeholders, changeable outside the game. | D58: Chat A17. | E58: TR-05, UP-*, PRC-*, EL-* | F58: Agreed

Sheet 18 Build & Release
A1: 18 · Build & release
A2: Project identity, dev environment, packaging and distribution, build-kit files
A3: =HYPERLINK("#'0 Index'!A1","↩ Index") -> ↩ Index
A5: Project identity
A6: ID | B6: Item | C6: Value / current thinking | D6: Notes | E6: Open Q | F6: Origin | G6: Status
A7: BR-01 | B7: Game name | C7: Master of Starbour | E7: Q-26 | F7: Chat A1 | G7: Agreed
A8: BR-02 | B8: Repository | C8: git@github.com:selphaware/master-of-starbour.git | D8: Public. HTTPS for the README: https://github.com/selphaware/master-of-starbour | F8: Chat A2, A7 | G8: Agreed
A9: BR-03 | B9: Repo contents | C9: Public. Source code and the installable package. | F9: Chat A3 | G9: Agreed
A10: BR-04 | B10: Licence | C10: MIT. Chosen by Claude at your request: anyone may use, modify, redistribute and sell, with attribution and no warranty. LICENSE file at the repo root, copyright holder Usman Ahmad. | D10: Not legal advice. | E10: Q-27 | F10: Chat A14, A20; Claude | G10: Agreed
A11: BR-05 | B11: Package / import name | C11: mos | D11: Short; matches the venv name. | F11: Claude | G11: Proposed
A12: BR-23 | B12: Git access | C12: SSH for all git operations; scripts and CLAUDE.md use the SSH remote. | F12: Chat A7 | G12: Agreed
A15: Development environment
A16: ID | B16: Item | C16: Value / current thinking | D16: Notes | E16: Open Q | F16: Origin | G16: Status
A17: BR-06 | B17: Project root | C17: E:\CODE\master-of-starbour | D17: Confirmed. | F17: Chat A6 | G17: Agreed
A18: BR-07 | B18: Virtual environment | C18: MOS — E:\CODE\master-of-starbour\MOS | F18: Chat A5 | G18: Agreed
A19: BR-08 | B19: Python executable | C19: E:\CODE\master-of-starbour\MOS\Scripts\python.exe | F19: Chat A5 | G19: Agreed
A20: BR-09 | B20: Python version | C20: 3.12 | F20: Project | G20: Agreed
A21: BR-10 | B21: Dependencies | C21: rich, prompt_toolkit, pyzmq, pytest, pyinstaller (pyproject.toml). | E21: Q-18 | F21: Ans Q-18; Claude | G21: Proposed
A22: BR-11 | B22: Test runner | C22: pytest | F22: Project | G22: Agreed
A23: BR-12 | B23: Build machine | C23: Your Windows workstation (option A); CI later if wanted. | E23: Q-28 | F23: Ans Q-28 | G23: Agreed
A26: Packaging & distribution
A27: ID | B27: Item | C27: Value / current thinking | D27: Notes | E27: Open Q | F27: Origin | G27: Status
A28: BR-13 | B28: Target | C28: Downloadable executable package for Windows 10/11. | F28: Chat A3; Project | G28: Agreed
A29: BR-14 | B29: Packaging tool | C29: PyInstaller, one-folder build. | E29: Q-28 | F29: Ans Q-28 | G29: Agreed
A30: BR-15 | B30: Multi-process launch | C30: mos.exe (launcher) spawns engine + four terminals as new console windows, each 'mos.exe --role <engine|command|grid|output|status>'. | D30: Build gates: 'exe opens and exits', 'orphaned processes'. | E30: Q-32 | F30: Ans Q-32; Claude | G30: Proposed
A31: BR-16 | B31: Installer format | C31: Zip of the one-folder build. | E31: Q-28 | F31: Ans Q-28 | G31: Agreed
A32: BR-17 | B32: Release channel | C32: GitHub Releases on the repo. | E32: Q-28 | F32: Ans Q-28 | G32: Agreed
A33: BR-18 | B33: Versioning | C33: Semver; git tag per release; version shown on T4. | F33: Claude | G33: Proposed
A34: BR-19 | B34: Code signing | C34: Unsigned at first — downloaders will see a SmartScreen warning; document it in the README. | E34: Q-28 | F34: Ans Q-28 | G34: Agreed
A35: BR-20 | B35: controls_config.ini location | C35: Next to the exe. | E35: Q-28 | F35: Ans Q-28 | G35: Agreed
A36: BR-21 | B36: Save-game location | C36: Next to the exe (saves/). | E36: Q-33 | F36: Ans Q-33; Claude | G36: Proposed
A37: BR-22 | B37: Public README | C37: How to play, SmartScreen note, how to build from source, MIT licence line. | E37: Q-27 | F37: Claude | G37: Proposed
A41: Build-kit files this Project will produce
A42: Status = whether the file exists yet.
A43: ID | B43: File | C43: Purpose | D43: Notes | E43: Open Q | F43: Origin | G43: Status
A44: KIT-01 | B44: DESIGN.md / PRD | C44: Design document generated from this workbook. | F44: Project | G44: Not started
A45: KIT-02 | B45: BOOTSTRAP.md | C45: First prompt for Claude Code. | F45: Project | G45: Not started
A46: KIT-03 | B46: CLAUDE.md | C46: Standing instructions in the repo. | F46: Project | G46: Not started
A47: KIT-04 | B47: SETUP.md | C47: Python 3.12, venv MOS, dependencies. | F47: Project | G47: Not started
A48: KIT-05 | B48: DECISIONS.md | C48: Exported from 17 Decisions. | F48: Project | G48: Not started
A49: KIT-06 | B49: controls_config.ini | C49: Generated from 15 Config Keys. | F49: BP r111 | G49: Not started
A50: KIT-07 | B50: Milestone specs | C50: M1 engine + bus + grids; M2 movement + hazards; M3 combat + reputation; M4 trade + items + endgame; M5 packaging. | F50: Claude | G50: Proposed
A51: KIT-08 | B51: build.ps1 / launch.ps1 | C51: Build the exe; launch the processes. | F51: Project | G51: Not started
A52: KIT-10 | B52: LICENSE | C52: MIT licence text with the copyright line. | E52: Q-27 | F52: Chat A20 | G52: Not started
A53: KIT-09 | B53: Gates / harness | C53: Turns advance; AI acts; viewports fresh; no orphans; exe runs; game over fires on destruction; mutiny fires at zero supplies; mastery fires. Includes an AI-only run-to-completion check (robustness, not a pacing target). | F53: Project; Chat A15 | G53: Not started

Sheet Source v1
A1: Source v1 — your blueprint, verbatim
A2: Do not edit. 'BP rNN' = row NN below. 'Chat An' = addendum rows. 'Ans Q-xx' = your answer on tab 16.
A3: =HYPERLINK("#'0 Index'!A1","↩ Index") -> ↩ Index
A5: Row | B5: Text
A6: 1 | B6: Game Type
A7: 3 | B7: Text based game
A8: 4 | B8: Turn based game i.e. user enters a bunch of inputs (could be many inputs, think of star trek birth of the federation), then turn execution
A9: 6 | B9: Purpose
A10: 8 | B10: User/player starts off with a starship, where they can explore the universe (universe --> galaxies --> sectors --> stars/planets/ships/objects)
A11: 9 | B11: The user player is the captain of the ship they have, more details on the ship and universe later
A12: 10 | B12: Ships can battle with each other.
A13: 11 | B13: Captains can gain wealth and special items.
A14: 12 | B14: Once a certain level of wealth, respect and fear and specific items are obtained, they will be eligible to find the ultimate secret item (I need more thought on what the name can be here), which will allow them to have infinite wealth and max weapons and max shields and max engine/warpcore, then they can continue with the game with these max super powers.
A15: 13 | B15: A captain, during the game, may have more than one ship and the terminal will allow the user player to switch between their ships.
A16: 15 | B16: Terminal Based Game
A17: 17 | B17: One terminal for commands
... A88: 111 | B88: All of these controls of +/- fear and respect values should be based on various conditions (be smart about this), and base values set in a controls_config.ini (same goes for energy --> temperature settings and colour of stars intervals). Note: temperature is calculated from energy, colour is calcuated from temperature.
A90: Addendum — stated in chat on 2026-10-25, verbatim.
A91: A1 | B91: name has been settled to: master of starbour.
A92: A2 | B92: git repo is: git@github.com:selphaware/master-of-starbour.git.
A93: A3 | B93: idea is to make this into an executable package in the end which can be downloaded. i plan to have both code and installable on this repo (for the public).
A94: A4 | B94: end goal is to become master of starbour where you get this level of warp, weapons, etc, and you just carry on playing... all planets willing to trade... so the game doesnt end, you just carry on (that is the end)... so there will be a sort of celebration and ceremony, then carry on.
A95: A5 | B95: python venv will be in: E:\CODE\master-of-starbour\MOS\Scripts\python.exe (i.e. env name is MOS)
A96: A6 | B96: of course when you lose the battle you lose the game and start again. and yes project root you assumed is correct.
A97: A7 | B97: yes repo is public i will be doing git operations via ssh.
A98: A8 | B98: also, this will be a colourful game
A99: A9 | B99: [Fractional impulse] Agreed with default (floor; the fraction only matters against gravity pull)
A100: A10 | B100: [Game over with a fleet] Agreed with default (the active ship — the captain is on it)
A101: A11 | B101: [Food/water at zero] the crew mutiny and the captain gets demoted to a low class ship
A102: A12 | B102: [Peace formula] Agreed with default (victor = the side that didn't offer; X = victor's shield advantage as a fraction × 50%, floored at 0)
... A110: A20 | B110: Choose the best license for this.
